comments,hate
제발~~부끄러운줄알았음..이혼은왜하셨나요??사생활지저분한쇼호스트가 티비나와서할소린아닌줄..,2
윌리엄 그동안 스킵했었는데 오늘 이모습하고 서준이에서 눈여겨볼 아이로 성장했움,0
우익 꺼지셈,1
이뻐보이진 않는데..,0
와ㅜㅜ 고배우 연기 진짜ㅜㅜ 와 소름돋음,0
방금 유동근 아재 회장여자 한테 엄포 놓을때 포스 ㅎㄷㄷ간만에 정도전때 포스 나오더만 진작 이렇게 만들지 이상하게 캐릭터를 만들어 놓아서.,0
백상까지 조작한 sm.문재인들어서고 방송 문화 경제등 비리와 부패가 더 심각하고 망하고있다.조작사기댜 sm비리와 조작으로 인기구걸하는데도 조사없는 문재인끌어내려야지,2
당신을 보면 딱 이구절만 생각나네요바보가 신념을 가지면 무섭습니다.결혼한다니 축하드리고 잘사시길 바랍니다.자기 주제에 맞게 사시길.,1
육아하는 아빠라니 육아는 부모라면 당연한거고요....ㅋ..;;,0
저런곳에 일하는여자가 저런거 당했다고 하루하루 괴롭게 지낸다고?개가 웃겠다ㅋㅋ돈만주면 2차 나가는거 졸 좋아하는 애들 아니냐? 그리고 성매매 업소도 아니라고? 성매매 업소도 성매매 업소라고 안하고 성매매하거든?어이없네,2
성매수 전국에 몇십만명은 해봤을텐데 뉴스메인에 뜰 기사는 아닌듯ㅋ,1
꼬시다ㅋㅋㅋㅋㅋㅋ근데 얜 누구징;,1
신동미 전부터 연기 잘한다고 생각했는데 왜그레 풍상씨에서 호소력 있는 연기 정말 좋았고 동상이몽에 나와서 더 호감가고 좋은 사람이란 생각이 들었고 남편분도 호감이 가고~ 더욱더 좋은 연기 해주기를 응원할게요 ~**,0
앞에 쟤임? 남자냐 여자냐,2
박서준 방귀 냄새 독할거 같아,2
ㅋㅋㅋ 가정적인 모습 보여주려고 애쓴다 애써사람 그렇게 쉽게 안변한다ㅋㅋㅋ쇼인도 부부 많던데~연기자부부니 알아서들 연기는 잘 할 듯~?,1
죽은 세월호 구원파 교주 유병언이 조까사위 딸로환생한듯,2
일베놈들 부들거리노 ㅋㅋㅋㅋㅋㅋㅋㅋ,2
변함없이 예쁘시더라구요.세월은 나만 정통으로 맞고있는듯..ㅠ,0
서인구 싫은데 뭔가 자꾸 잼나 ㅜ ㅜ 군더더기 없고 진도 빠르고 억지도 없고 연출자들 박수 ~,0
혼자 연기한다고 설쳐서 EXID 해체하나보네... 한 여자의 이기심으로 다른 이의 꿈까지 다 짓밟네...,1
왜 HOT 발톱의 때보다 못한 것들인지 여실히 들어난다 라이벌은 개뿔 얘넨 오합지졸이다 젝키 .. 여섯개의 똥파리들,2
"여자 만나다 질리면 대충 버리는거지; 역시 멋진 남자, 현명한 남자 만석씨",2
대머리 싫어 ㅡㅡ,2
댓글은 ㅈㄴ보수적인데 왜 지금 정권은 좌파인지.. 박근혜가 잘못했네,2
안밝혀진 가수 두명 중 하나가 엑ㅅ 세ㅎ 맞지?,1
감사할일 뿐입니다. 빨리 복귀하세요,0
사진발 필터발?,1
만약 진실이라면 맞고소 가능한ㅑ?,1
미친짜식~~정준영이나 승리나 쓰레기나이 어린것들이 못 된것만 배워가지고욕도 아깝다,2
욕할꺼 아니다 누구든 돈맛 보면 저렇게 변한다.사람이란 그런것이다.,1
코봉이 형,0
내가 정액비누 만들어줄께...는 성희롱이고...모유비누는 웃어넘길 일인가?...정액비누도 아토피나 피부미용에 좋다,2
도태녀들 지금 단체 생리즁☆,2
매번 논란과 해명의 반복이라......,0
프로그램 패지해라 ㅇㅇ,2
아이즈원이랑 엑스원 팬들 논리는 진짜 허무맹랑해서 그저 코웃음나 ㅋㅋㅋ 울애들도 피해자니까 그대로 강행하는게 모두를 위한일이다?,1
축하는 하지만.. 검색어 순위와 기사 도배를 해야할 정도의 우리가 알아야 할 상식인가요?,0
곧 연예기사 댓글폐지된다고 하니 아줌마 댓글 볼날 얼마안남았네,1
징역 6월이면 교도소에서 6개월 생활하는거죠?,0
빠지는게 낫지 근데 얘 빠지면 제시카없는 소시 꼴날듯. 제시카는 리드보컬은 아니였지만 목소리가 젤 좋아서 노래가 허전해졌었음,1
노잼 .. 대사가 안들려서 넷플릭스에서 자막 키고 봤는데 2화까지 보고 못보겠다..,0
외면이 완벽하면 내면도 완벽함. 꼭 존못년놈들이 내면 찾음. 외모가 전부가 아니야 내면이 중요해 라는 말 자체가 피해의식에서 나오는 무의식적인 말임. 니넨 그냥 못생긴거야ㅋㅋㅋㅋ 못생기면 성격도 베베 꼬임 ㅇㄱㄹㅇ,2
무서워도 인정하지ᆢ정말 종일 생각이난다안타깝다ㅜ,0
한부모 가정되셨네요 제발 나라세금 안쓰시길,2
경솔하다..;;전여친이 같이 방송일 하시는분인데..,0
여자한사람 또 인생 만신창이 되어가고 있구나...서로좋으면 끝까지 지금처럼 웃으면서 살아라.. 마음변치말고.. 여러국민들이 지켜보고 있습니다.헤어지지 말고~~~!!!,1
이럴줄알았다 드라마시작되기전에는 그렇게 군대얘기하더니 끝날때되니까 호평밖에없네정상적으로 군대가는남자들만 바보만드네이게 개돼지와 다를게뭐냐,2
멤버중에 하하가 제일 먼저 알았을듯,0
구혜선씨 응원합니다!! 나쁜 소속사 나쁜ㅅㄲ 악플다는 댓글알바들 절대 봐주지 말고 무너지지마세요 나쁜것들은 천벌받을거에요,0
쪼그만게 까져가지고.,1
그냥 자숙이나 하세요,1
남자들은 왜케 어린 여자에 집착할까,1
김치년들 열폭!그러려니 하세요,2
맞습니다. 자숙하시고 달라지 모습으로 나오시길 바랍니다.,0
무당 엄마가 딸이 교통사고 당할걸 미리 예측 못하나요,2
이건 아니다 ㅠㅠ진짜 말이되 포르투갈까지 따라온 여자 버린다고??,0
서인국이 군대만 갔다왔어도 ㅠ,0
문재인 저격드라마,2
왜 고소를 취하한걸까 ? 암튼 보고싶진않다,0
유재석은 꼭 따라 다니는 멤버가 정해져있음 ㅉㅉ,0
드라마도 너무 재미있고 현빈 보면서 정말 행복함 그 잘생긴 외모에 연기력까지 겸비한 현빈은 넘사벽 오늘 연기도 정말 미쳤어 내일 제발 해피엔딩으로 마무리 지어주세요,0
김흥국 아직 살아있네 조문도가고 쪽팔려서 길거리 다니겠는가 암튼 다음생에는 바람끼 같은거 하지맙시다,2
연기잘하는 일본배우인줄 알았는데 대단하세요!,0
요즘에 결혼하고 밖에 나가서 돈 안 벌어오고 집에서 애 육아 참여 안 하는 사람이 어딨냐.,0
우리찜니 넘조아,0
얘가 뭔데?기사거리가 되는걸 써라,1
역시 성상납이 문제야..,1
범죄를 범죄인줄 모르고 ㅈㄹ떠는놈들이나 남자들 무데기로 있는 호텔방가서 ㅊ먹는 ㄴ이나 에혀저런 ㄴ들 만나결혼하면 인생 망친다,2
그래서 이 와중에도 박한별을 욕한다는게ㅋㅋㅋㅋㅋㅋ역시 대단한 나라야,2
왜 김지석 기시에 홍진영자매 악플다냐? 이해불가다 보기싫으면 보지마 니들은 보기싫어도 난 홍지매 재밌으니까 홍선영언니 끼많고 재밌더만 웃는 모습이 너무 귀엽고 천진난만하심 계속 보고싶음,0
때려죽여도 기러기짓은 하지 말아라 여편내들 외국나가면 100% 코쟁이들과 바람남 그거 모르고 니들은 뼈빠지게 돈벌어서 기러기짓하면서 돈 보내주고있지,2
레디가 효은보다 못했다고?,0
숙언니 힘내요 ㅠㅠ막내딸이라고 들은 거같은데 ㅠ삼가고인의 명복을 빕니다,0
지들맘이지 왜 남들이 더 난리야 특이해 이나라사람들,1
어휴... 표절 아닌데 몰아가지좀 마라 그넘의 마녀사냥은 더런넘들... 교묘하게 피했다는 둥 들어보고 빼박이라는 둥... 댓글삭제하겠지 아니라는게 널리 알려지면 ㅋ,2
박보검은 평범한 기독교신자입니다 제발 그만 괴롭히고 이초석 목사님도 항상 응원합니다^^,1
헐 예전 그 회사 안무 하던 ㅅㅋ가 대표하는거야? 그때도 양ㅇ치였는데ㅋㅋ 거기 대표 자살하고... 한 회사 대표된게 안무 가르쳐 주는 ㄴ이 ?? 이게 말이 되나,2
옥주현 뮤지컬계 원탑,0
1년연예 ㅋㅋ 2년봅니다....,1
너무 안타깝네요....삼가 고인의 명복을 빕니다하늘나라에서 부모님과 아이를 잘 지켜주시길.....,0
어~~으 구질구질 ~~~ 구 혜선씨 sns 그만해요,1
여기 피해망상에 찌든 여자들말 들을 필요 없어요. 어차피 얘네는 대한민국 남성이 모두 적인 애들이야. 세상 모든게 다 남자 잘못이라고 생각 하는애들...,2
다른거 다 떠나서 노래가 별로던데 ㅋ아줌씨들은 좋던가? ㅋㅋ,2
힘내라 힘 꽃길만 걷자 준희양 엄마가 하늘에서 보고계시니 꼬옥 힘내라,0
개인정보도용한 그 음원총공팀도 대국민사과해라.그래야공평하지 지들이한건 실수~~래...하여튼 미친..,1
저걸 새벽부터 찾아가서 먹는것들은 제정신인가?ㅋㅋㅋㅋ,1
탁재훈 주식으로 대박 났다고 또 뻥치고 다니던대,1
빤스바람 ㅋㅋㅋㅋㅋㅋㅋㅋ 혜교언니는 그때도 이쁘시던데!,0
열심히 하는분인데 왜 암이 걸리는지 이해가 안됨묘ᆢ,0
뭐 잘생기긴햇는데 이거 위험한 발언 아니냐 남자들이 어린 여자애보고 이쁘다라고 하면 벌떡 뛸거면서,1
할 너무뺐는데?다른걸한건가? 살짝 다른것같기도ㅋㅋ,0
이보람씨가 제일 이쁘던데..,0
아이돌들 연기하는것도 이제 더는 못봐주겠다.. 이렇게 예쁜연기자들 많이 발굴해서 잘 키웠으면 좋겠음,0
급식용 영화 까페에서 성인 남자둘 하는 얘기 엿들었는데 영상이나 볼거리는 화려한데 딱히 스토리는 없고 중간에는 지루하고 토르가 젤 쎗다면서 결론은 비추 라고 하든데,2
희철이가 트와이스 사귀는거 보고 트와이스 하나 노리나 보다 ㅋㅋㅋㅋㅋㅋ,0
순간 지디인줄 ^^;;;;,0
여자가 술쳐먹고 방송 나오는 게 좋나? ㅉㅉ,1
하객 중에 탁재훈이 왜 껴 붙어 있지? 아시는 분?,1
오달수는 억울한것 맞음.. 너무 까지 마세요.,0
ㅋㅋㅋ연예인들 이미지 관리 시작했네 ㅋㅋㅋ,1
이런 영혼은 하나님 한테 의지하면 정말 퍼펙트 하다. 말씀의 씨 들어가면 정말 감동 될거다.,0
편의점점컵라면이나 쳐드시는 찌질한 한남보다 도환이가 귀공자같고 좋다.불가리향수사주고싶은 기럭지.,2
약태환 예능나오네??,2
아이의 존재는 그냥 사라지는 거야? 아예 자식한테 애착이 없었구만... 씁쓸하다,1
꼭 트와 찐팬 아닌것들이 맨날 더 광분하더라 ㅉ,1
"작품준비하면서 호르몬제나 얼굴형 관리 엄청 받았을꺼에요 그렇지 않고서는 안그랬겠지만 , 한 작품을 위해 엄청 노력해서 나와서 좋아요 진짜 재밌게 봤어요 새로운 배우의 발견을 한 것 같아요 동윤씨 힘내세요!! 진짜 앞으로도 존잼일듯",1
박성광결혼기사보다 마스크 수급이 중요 비싸요,1
미모같은소리하네!! 미모가 다 얼어죽었다!!!,2
그 임신만 줄기차게하는 개념없는 한뇬때문에,2
나이먹고 어리고 잘나가는 남자랑 결혼하니까 질투하는 아줌마들 많네 ㅋㅋㅋ,1
"양예원 실장 자살한거 보면 안타깝기 그지 없다. 언론이 그렇게 욕했지만 결국 무죄로 오히려 꽃뱀들 깜빵보내고이병헌도 잘만 인생 살고 있는데, 그것도 꽃뱀한테 사과문도 받고!",2
빽으로 올라간 맴버들 다 공개하고....재정비 바랍니다.,0
드라마는 드라마로 봐야지 왜 정치색을 얘기하는지 도대체 이해가안됨 보기 싫음 보지말길,1
역시 어린엄마가 짱이야 여자는 어려서 결혼해야해,1
근데 누구래?,0
한혜진은 상타며 전현무와 함께 하고 싶다던데 ᆢ전현무는 언급없네ᆢ그나저나 KBS 대상은 김제동 맞나?,1
연기는 다 잘하네 이병헌 유연석 김민정 변요한 통역관은 잘하는데 김태리는 글쎄.. 사극같은 배경에 안어울리는 느낌,0
축하합니다.근데 강남에게 어떤 매력이 있길래 이상화까지결혼 결심을 하게한걸까요?누구 아는사람..,1
근력 운동도 빡시게 했을텐데 근육이 없네.. 3달이면 충분히 눈에 보일만큼 생기는데,0
"반민정 꽃뱀으로 몰고갔던 남자들 진짜.. OOO들 왜 항상 피해자가 자신의 피해를 주장할 때 상처를 두번 세번 받아야 하는 건지,",2
이런걸보고 ㅂㅅ 육깝하네라고하지요,2
오창석 채은 잘어울려요 결혼까지갈것같다 ~~^^,0
정다빈은? 걘 묘지에서 유골 꺼내야 되냐?,2
소이현님넘 좋아요^^ 인교진씨도 같이 했으면 좋았을텐데~~~~,0
이런기사 내지마세요.,0
불쌍하긴 하지만 그래도 살면서 누릴거 다 누리고 잘 살았으니 뭐...,1
게이니 seki.....,2
연애도 못해본 것들이 훈수는 오지게 둠 ㅋㅋㅋㅋㅋㅋㅋ 연애 못해봤으면 나처럼 가만히 있자...(눈물),1
한글잘못쓴거가지고 사람을 단정지어 무식하다는둥...지들은 뭐 한글 완벽하게 아나?,1
전에도 인형이었는데 안검하수로 쌍수한게 맞을듯,1
얘네 팬덤 만큼 완장질에 법적대응 잘하는 가수도 없지 나이때가 할매 꼰머들이라 생각 자체가 굳은듯 ㅋ 유연해질 필요가있어요 인기가 항상 멈춰있는것은 아닐테니까 ㅋㅋㅋㅋ,2
노브라를 하건말건 뭔상관 한남들아 욕그만해 ㅡㅡ,2
박민영 너무 삭았네,1
누군지도 모르지만 옛다 관심 !,0
이까이것 가지고 꼬트리 ㅎㅎㅎㅎㅎ역시 대한민국ㅎㅎㅎㅎㅎㅎ,2
왜들이 인성이 꼬였나 칭찬해줄 못할망정,1
6명전부 별론데 그나마 저중에 문희준이 제일 인기많았고 돈 많이 벌었고,1
저얘기는 자꾸하냐.2년동안 방콕한얘기 예능서 떠드는것도 가벼워보임. 불청서도 얘기하드만.그냥 절친떠난거 조용허게 뮫으면 안되나.,0
"방금 구글에서 카톡내용 일부 보고왔는데 ,저 내용이 사실이라면 뭐랄까 김건모는 직업여성이라 그나마?양호한거고 ,뭐랄까 모든 연예인 나아가서는 능력되는 모든 남자들이 저러고 논다고 봐도 무방할듯",1
그걸 즐기는 거면 할 말은 없다만~ ㅋㅋㅋㅋ 같은 저러는 거 이해가 안 되긴 함 ㅋㅋㅋㅋㅋㅋ,0
차라리 초밥집에서 회덮밥을 했으면 배도 부르고 좋지 않았을까 싶음.... 초밥만 고집한게 좀 아쉽네요 9000원의 가격은 좋지만 돈 더주고 배 어느정도 찬게 좋지 애매한 돈 내고 이도저도 아니게 먹는게 더 싫을듯 ㅠㅠ ..,0
천만 갈 정도의 영화는 아닌데 시기를 잘 타고 인기웹툰 버프 받았음,0
고정관념을 바꿔서 생각해라 내가 힘든만큼상위10퍼 말고 90퍼가 힘들게 산다는거한혜진씨 정도면 이제 힘든건 다지나갔어요,0
태생이 이상하던데...? 어렸을때부터.?아직도 옹호하는 팬심 대단하다,1
차예련 정말 예쁘다고 생각했는데 미우새에 나온거보니까 머리스타일 문제인지; 드라마에서 봤던 내가 아는모습과 뭔가 묘하게 덜 이뻐보이는것 같던데,0
성매매가 합법인 나라도 있고일반 남자분들도 태국이나 어디 그런여행 가지 않나?그런게 모가 대단하다구..강간하거나 성폭력을 사용한건 아니자나그런 사람들한테는 잠잠하구엄한 애만 너무 잡들이 하네이제 그만좀......,2
속도위반이 이젠 축하받을일이냐?ㅋㅋ 나라꼴 참..,1
안타깝다 재능있는 아티스트 중 하나였는데 타인의 이기심때문에 이렇게 됐네 그래도 남아있는 팬들 많은 것 같으니까 얼른 좋은 모습으로 복귀할 수 있길!!,0
"난쟁이 똥자루야 안희ㅈ,미투 패러디 안하냐콧수염 다뽑아뿌까",2
연기안한들 뭔걱정,0
진짜 창피하다 ㅋㅋㅋ 서양인들이 동양인은다 저렇게 ugly한줄 알듯;;,1
근데 이부부는 노래한곡으로 진짜 잘먹고 잘사는것같음... 뭔가 능력보다는 운으로 사는것같음,1
박해미도 책임이 있다남편이 음주운전 한두번이 아니였을듯그리구 부부관계를 떠나사업 동업자다 왜 단돌이를 못했냐 늦은 시간까지 여자들과술먹고 이제와서 강요는 아니라구 형량줄이기냐,1
니가 민폐인걸 지금알앗니??,2
근데솔직히 인상이 착해보이지는않다,0
얼굴도 착하게 생겼는데 그럴 사람이 아니죠. 뭔가 오해가 있는간같은데 정준영 잘생겼고 절대 그럴 사람이 아니에요♡,0
SM에 핍박 당하고 여기서 다 끝났다고 생각하십니까? 인생은 항상 반전이 있습니다 무죄로 밝혀지면 이제는 배우로 열심히 활동하면 됩니다!,0
더 고쳤네ㅡㅡ,1
난 재밌던데 스토리 구성도 탄탄하고,0
이민호 .. 인상이 별루야 .. 최종훈이랑 같은 삘 아님? 여튼 왜인지 모르게 옛날부터 정이 안감 ㅜㅠㅜ 수현이나 빨리 나와라 ㅠㅠ,1
2014년 카톡은 안지우고 지끔까지 갖고 있었다는게 놀랍다~수집하니~지땜에 장씨 날벼락~,1
휴....내마음이 이런데....가족들은 견딜수있을까?,0
왜 스타들이 라스 안나오는줄 알겠더라. 사전 인터뷰때 대수롭지 않게 뱉은 말을 싸움붙이려고 부풀려서 MC들이 굳이 언급함. 그리고 논란같은거 생기면 편집 그딴거 없고 걍 내보냄,0
정우성 공효진은 원래 좌파지만나머지들은 좌파라인 타려고 커밍아웃한건가곧 문죄인과함께 방송에서 사라지겠네 ㅉㅉ사람은 라인을 잘 타야돼,2
연기가 아~~~~주 물이 올랐으!!!!목소리 아~~~~주 꿀을 발랐으!!!!,0
서진이는 효리 승기는 윤아 서준이는 누구랑 만났냐,1
잼나.남궁민 파워,0
즐겁고 좋을때 동반자? 아니지.힘들고 어려울때 누가 뭐라해도 함께하는게 반려자이자 배우자이지. 숱한 음주운전에 인사사고까지 두둔하는 건 아니지만 힘든 상황에 내팽개쳐 버리네.역시 믿을 이는 아무도 낫씽 증명.,1
너무 예뻐요ㅠㅠㅠ 사람 이목구비가 어찌저럼,0
이분 가정사가 좀 어려우심 인간극장도 나왔을걸? 그러다 연예인으로도 뜨지못하고 차라리 연예인 안했으면 더 잘살앗을지도 몰라,1
헐… 오이지 정말 대단하다 대단해 지들 마음대로지 늘 그렇지 ㅎㅎ 참 대단한 회사야 소속사가 같이 도와서 해결하지 않고 그대로 내팽겨쳐버리네,0
이종석 중심으로 드라마가 흘러가야 재밌을듯. 이나영 나오는 부분은 이상하게 재미가 없네,0
설마 협찬?,1
드라마나 민폐없이 찍으세요 모델 한예슬씨. 지금 당신의 심정이 당시 스탭들 심정이겠죠?,2
달수형은 반드시 돌아온다. 진실을 볼줄아는 사람들이 있기 때문이지.,0
그 밥에 그 나물이니 끼리끼리,1
53살 아빠면 어때 아빠가 곽부성인데.... 축하해요,0
건축학 개론 지금 다시 봤는데 솔직히 건축학 개론 보다는 아닙니다ㅋ 건축학 개론은 건들지 맙시다ㅋ 볼때마다 가슴이 애려 옵니다ㅜㅜ,0
이 미국인색기 누가 궁금하다고 이딴 기사올리나,2
현빈넘모 멋진ㅇㅎ,0
각시앙 예전에 구설수 풋 여기까지만 할게.,1
결혼 많이해서 좋으시겟다,1
뭔 주인공을 바꿔 미쳤네 이병헌이 나은데,1
저 깜시는 누구야,2
이런 암퇘지 같은!! 연기할 때도 성기 생각하며 젖어 있는거 아냐??,2
아는 부부는 임신실패했다더라. 걱정 마. 날이면 날마다 버뮤다삼각지대안으로 가랭이사이요술램프위마법스틱을 들락날락 위아래윗윗아래로 구슬땀을흘리면 2세는 언제가는나올테니까.,2
역시 대한민국 망신은 여자들이 다시킨다 ㅠㅠ,1
돼지는 영원한 돼지다,2
진실하게 사과하면 시간이 지나면 개돼중들은 용서 할거임 ㅎㅎ,2
돈이 무진장 쳐 많아도 다 결국 뒤지는구나.,2
관상학적으로 앞으로 빵을 제집 드나들듯이 들락날락할 상이로구나,2
재혼한게 뭐 자랑이라고...뻔뻔해!,1
군대도안간 미국인이 한국에서 돈버는거여????얼탱이없네,1
맛난거 먹으러 메시야 가야겠다 사람 좀 줄었겠지 거품빠지고 차라리 잘됐다 현우 보고싶다,0
그만 좀 나와라 김종국,1
이동건 차예련 핑크빛 열애중 ㅡ벌써 십년전이네 세월참 빠르긴 하네 ㅡㅡhttp://antijms.net,0
일본 사람입장에선 자기나라를 버린거네요.,0
지 버릇 개못준다. 워낙 싸가지 없는xx거 다아는 사실 방송에서 영원이 퇴출 됐어야될 인간이 잊을만하면 나오고 사고 치고 말썽이르키고 어디 한두번 이냐. 국민 비호감 이제 고만나와 국민들에게 스트레스 고만줘라,2
영어카페 하시는 분이구나 축하드려요,0
"인맥자랑, 보여주기식 그이상 그이하도 아니다",1
이 OOO은 볼때마다 재수대가리가 없어 퉷 ㅈ같ㅇㄱ 생겨갖고,2
같은 팀원이 좀 보듬어주지~~ 메인싱어가 나가는건 젝키를 좋아하는 팬입장에서 많이 아쉽다.,0
다들 섣부른 판단말길 조사해보면 나올것이고 여기서 난리 필 이유아닌거 같다 우리나라 사람들 은 왜 그렇게 남들에게 괸심이 많은지 내주변도 잘 돌보지 못하면서 오지랍 쩔어,1
패키지여행 갈 사람한테 ed카드작성이나 이미그레이션심사하는건 왜 알려줌?ㅋㅋ 어차피 인솔자가 다 알어서 해줄건데 ㅋㅋㅋㅋ 첫 해외여행가는 엄마 겁주는게 그렇게 재밌나?ㅋㅋㅋ,0
넘 재미있어요,0
길참주 역 배우 찾아봤네요. 요즘 너무 재밌게 보는 드라마^^남궁민배우 연기도 정말 최고예요!,0
여러분. 악플은 삼갑시다. 진짜로 부탁드립니다.,0
뭔가 편드는건아니고 팬도 아니지만 뭔가 느낌이 이상한건 뭘까요..??하지않는것 같은데 여자쪽에서 손썼을듯한 쎄한느낌 경찰도 그렇고 .. 안타깝네요,1
듣보잡인데 기사엄청나네,1
시언씨 항상 응원합니다~~~따뜻한 마음이 중요하지 뭐가 중요한가요,0
두분 기대해도 될까요?^^,0
어떻게 연예 뉴스에 버트 레널즈 사망 소식이 없나,0
돌았나~?? 이경아...ㅜㅜ,0
남자란 동물인가?그렇게 진솔.순수해보이고 진지해 보였는데.정말 제어가 안대는건인가 ㅜㅜ이사람만큼은 ㅜㅜ사람인줄 알앗네요참 알수가없네요믿기지도 않넫·,1
육지담이 응원한다. 스타되니깐 연락안받고 그런건가? 예로부터 조강지처한테 잘해야 한다고했었는데. 아쉽다 . 물론 육지담이 조강지처인지는모르겠으나.,0
강남♡유이 더 잘어울렸는데 아쉽,0
이서진이 한지민 넘 귀여워 하는것 같음.. 둘이 잘 됐으면..ㅋㅋ,0
sns로 열애인정해서 맞은거아녀????,0
성희롱녀인데 머하러 올라옴?,1
그 나이에 굳이...,1
다들사랑받지못한체살아와 인생이 말이아니네요 참... 불쌍합니다..,0
"팀으로 데뷔한거면 개인활동 했어도 N빵 해야지... 그게 팀을 위해서도 맞는거고~~ 근데 여기 댓글은 다 왜 나누냐는 식이네, 당장 혼자만 배불러야 된다는 심리들인건지, 팀이 유지되야 인기도 오래갈텐데",0
상습에다 판매까지했는데 고작1년6개월??? 나도마약이나팔아서 몇십억해먹고1년6개월 기모띠하겠네,1
"뭘 몇달 안남음서, 유별은... ㅋㅋㅋ",0
슬픈연극으로 인해 더 악화된듯,0
역대급 좋아하네 꼴폐미 드라마 ..들어간 돈이 아까움 ㅋㅋ 현실성이라고는 단 1%도 없는,2
국방은 신성한 의무입니다.,0
언젠가부터안보게되네 노잼,0
고 김주혁님 돌아가셨을때 김주혁님 기사로 인터넷 도배되니까 그 난리치던 엑소의 개집들이었지 아마? ㅋㅋㅋㅋ,2
애기가 초등학교 들어가면 아빠는 학교에 오지마라고 하겠네...ㅠ,0
다시 보고 싶다. 너무 예쁜 첫째부터 세상에서 제일 귀여운 막내 딸까지 그립다.,0
글쎄 남자가 저런말하게 한 bj가 더문제인거 같은데 대충검색해보니 답나오네,1
ㅋㅋㅋㅋㅋㅋ마 서빙은 누가하노 정신차리고 퍼뜩온나,0
서현숙 색기오지긴하는데 화장을너무심하게햇어ㅋㅋ,1
으 ;;;;;;;;;;,0
배우들도 빡칠거같은 전개인대특히 이솜 연기가 아니라 진짜 빡친거같음,0
불편해 보여요....T.T,0
일본에서 그냥 살아라국적 옮겨라,2
성범죄자 난쟁이 ㅅㄲ,2
둘다 누군지 전혀 모르겠는데 요딴 기사즘 안쓰면 안되나?,1
직업이 대중이 ㄷㄷ 이분도 쌀을 핵으로 만드는 연금술사?,1
박보검 + 송중기는 정해인 아님?? 진짜 조각상이야ㅜㅜ,0
승현이형 수고 많았어용 ㅠㅠ. 그동안 남자들한테 갑질하며 행패부린 여자들한테 한방 먹여주신게 얼마나 통쾌한지 몰라용~. 저처럼 형 응원하는 사람들도 있다는걸 잊지말아주세요ㅠ,1
전현무..... 누가 먼저 헤어지자고 했을까? 진짜궁굼(진짜궁금해서. 진짜로 제생각인데 한혜진이 먼저 아닐까?) 멋있어염♡♡,0
임신해도 이쁘네요,0
돼지 stays 돼지 ㅋㅋ 그리고 솔직히 남자는 23 넘어가면 애초에 와꾸가 흘러내려서 이성으로 안 보임 근데 하물며 30대에 관리까지 안했다? 이건 뭐 ㅋㅋ,2
칼같이 처리하는거 맘에드네 저런애들 달고다녀봐야 주변사람만 피곤하지,1
먼가 냄새가 나는데??로비??,1
나 같으면 입 찢어버렸다!,2
미친고래 출연시켜라 솔직히 서현진이 나와야지,0
배드신도 대역이 있나? 배드신은 욕망해소가 안되서 하는건지... 아무나 만지고.. 인간은 다 본능적으로 느껴질수밖에 없는 신체를 가졌는데 본능적인 감정은 연기가 아니잖아?,2
30대 여자비율이 가장높은거보니 고소영이뻐요 하는 이유를 알겠다 ^^ 여자들아 진심으로 한마디 하겠는데 30대 여자는 진심으로 여자로 아예안보여요~^^,2
좀 더 유리한 조건에 계약 맺고 싶나 보지,0
문재앙때문에 나라꼴 미쳐돌아가네요. 탄핵만이 정답일듯,2
혜교님 힘내세요,0
그 맘 심정 알아요 ㅠ 저도 11년 키우던 강쥐 안락사해서 하늘나라 보내봤어요 보내구 우울증 와서 힘들었는데 인연이돼서 다른강쥐데리고 와서 4년째 키우고 있어요,0
이나영 보며 이쁘다..이쁘다..역시이쁘다..어쩜 저리 하나도 안변하고 아이낳고두 이쁠까...감탄만하느랴 무슨내용인지 눈에안들어옴 ㅜ 내일부터 다시집중해야겠어요ㅋ근데 스카이캐슬은 오늘 초집중ㅠ 미첬음 ㅜㅜ,0
이발은 다른사람이 하고 저분들은 뭐함?,0
하차해라 . 대본 받아가면서 연기 하기 안짜증나실제 커플인데 조용히 연애나 하세요. 돈도 좋지만 보는사람입장에서는 둘 다 별루여 그냥 보기 싫어졌어,1
"노라조 ""형""이란 노래로 힘들 때 위로를 받곤 했습니다. 앞으로도 노라조라는 이름으로 여러 사람에게 즐거움과 위안을 주시면 감사하겠습니다.",0
김태희가 좋은이유중하나가 엄청털털하다고 하더라 성격이 남동생잇어서그런지몰라도.,0
로다주 죽는게 슬프냐 세월호 학생들이 희생당한게 슬프냐 저질 히어로영화 볼바에 생일 1번더보는게 애국이다 세월호 5주기맞춰서 방한해서 추모분위기나 흐리고 말이야 앞으로 마블안봅니다,1
둘다 좋아서 섹스해놓고 피임을 안했냐고 한쪽만 욕먹을게 아닌데?여자나 남자나 알아서 조심해야지 좋아서 섹스할땐 언제고 ㅋ,2
"쌍방 입장이 다른 이해관계이므로, 소속사 입장을 들어보면 또 다른 얘기가 나올것 같음. 어쨌든 서로 욕심을 좀 내려놓고 원만히 해결되길",0
오창석이 아까워 ㅠㅠ,0
한지민 + 남주혁은 눈이부시게지 ㅎㅎ,0
진짜 빅뱅은 사회 악이네,1
류이호 잘생겼네,0
가족예능중 최악이다.아들을 재기를 위해 나왔다가 온가족이 연예인병에 걸린것이네.이런 프로그램은 하지말아야한다.,1
윤총경과 vip수사 의지가 없다. 버닝문게이트 특검만이 진실을 알려줄수 있다. 문재앙정권은 무엇이 두려워 수사하지 않나?,2
나이가 어리잖아,1
법대로 처리해주세요 제발. . . 일벌백계를 보여주세요 태국 형벌중에 태형있는걸로 알고있습니다,0
좋은 댓글은 바로 지워지는것보니 누군가의 장난 및 댓글알바 의심되니 혜선씨 댓글 신경쓰지마세요~^^,0
요즘사람찾기 개쉬운데 일반사람들도 저거보단잘찾겠다 프로도예전만큼 재미도감동도없다,1
나는 이서진이 가기싫은것 이미지땜시 가는것 같은 느낌이 왜들까.... 이중적인느낌,0
계속 보다 보면 이해될거임,0
한수민씨 예뻐요,0
그 종족 하신 그분..,1
그래도웃긴다.... 모자이크처리하면될걸. 생명의은인인데 너무한다.,0
임성한이 은퇴하고 난 뒤 막장계 탑오브 탑은 김순옥... 뒤를 이어 문은아가 위협 중 근데 재미는 김순옥을 따라올 자가 없음,1
저 아나운서 이젠 메갈들 용어로 흉자된거임?ㅋㅋㅋㅋㅋㅋㅋㅋㅋㅋㅋㅋ 메갈들 부러워서 키보드 잡고 부들부들 ㅋㅋㅋㅋㅋㅋㅋㅋㅋㅋㅋㅋㅋ,2
효리는 만두속 같이 못 생긴 김제동을 실제로 보면 얼마놔 더 못 생긴 놈일지 그런 놈 하고 왜 어울리냐?⁉️⁉️,2
서민들 장사하는 사람 백종원 욕하는 사람 엄청 많습니다 ㆍ,0
이현이 보고 짜증나는거 박가원 보고 풀었는데 왜들그래,0
쌈디 조타~,0
디저도 상관업다,2
신혜만 보인다 넘 예쁘고 엠마 와 진짜 신비그자체두주연땜에 본다많이 나오구 진도 좀 나가자,0
왜 엄마가 죄스러워야 되죠?당당하게 사세요 엄마가 죕니까,0
이쁜데 뭐가아쉬워요..잊고 좋은사람만나요,0
결론은 많이 먹어서..예요,0
불쌍한 이찬오 얼마나 맞고 살았으면 그랬을까 얼마나 징글징글한 여자였으면 그랬을까,1
그만 나대~~~ ㅈ-랄도ㅈ풍년이다,2
지겹다 고마해라,2
왜 욕먹는거?연예인들 몰래 사귀는거?그럼 욕 안먹을 연예인이 있긴 한가?또 머 있음?예능 찍은거?무슨 다큐 찍었나?이상한 인간들이네 욕먹을 이유가 1도 없는 연예인 같은대 쓸때없이 ㅈㄹ들이네,2
둘다 누군지도 모르지만 일본 연예게에 관심도 전혀 없음..,1
얘는 왜이렇게 매사 감성적이야? ㅉ,0
진짜 한심한국민들 ㅈㄴ게 할짓거리 없나보네..그러니 재앙이나 대통으로 뽑아놓지,2
부장검사 꼬리자르기로 끝났기때문에 윗선잡기 해야함.,0
안보면 되지 왜케 말이많으ㅡㅡ프로그램제작을하든가,1
"근데 범죄된 것만 문제삼아라... 잠자리에 미치든, 호색적이든 왜 그걸 문제삼냐?",1
잘가라 현관아 좋은곳에 가라 만약 노짱 만나면 자살인지 혹시 타살인지 꼭 물어 바주라,2
미세먼지 들이마시면서 캠핑을 하고 싶을까?,1
이년 이년 이년 좋겠다,2
성현아 이뻐나의 성장기 여신이였어까지마셈~!!!,0
돼지년이 뭘 그리 잘 만들어 처 쑤시고 살이 찌고 그리 징징거리냐 적당히 자제 해가며 먹지 그러니까‼️‼️‼️‼️,2
조민기 안테 피해당했다는데 실체는 없구만..피해자가 직접나서서 고소한것도 아니고 온통 찌라시만 가득.. 저렇게 외도 했다고 하는데 아내가 저럴정도로 애정했을까? 라는 의문투성이.,0
소녀시대인가? 거기있을때보다 지금이 더 존재감있고 좋아보임! 배우 최수영 화이팅!,0
"이제 책임만 질 수 있다면 자유롭게 사랑해도 되는 시대 아닌가? 홍상수 감독 자녀들도 다 성인으로 알고 있는데, 이 이혼을 막을 이유가 뭐가있지?",0
다니엘이 훨씬 아깝다.. 급에 맞게 사귀어야지 에효,1
연정훈 비호감,0
종교는 자유지~~~ 박근혜가 문제였지. 축하드려요~~~!!!,1
연애하고 얼굴이 왜 더 아싱해짐.. 앞머리 없얘요..얼굴형이. 없었던 전에 머리 훨남...나보다 어린데..왜 웃을때 양쪽 팔자가..,1
간만에 좀 재밌었다 전회장의 빈자리가 아쉽다 전회장 있을땐 의자앉아서 토크만해도 재밌었는데,0
이혼을 하더라도 결혼은 한번 해보는게 좋은거같다,1
시즌제 ~~~~~가즈아,0
뭐 다기부했겠냐 한 이백억정돈 냉겨놨겟지 자식이나가족들 앞가림할정도챙겨주고,1
성현아 얼굴 되게 이뻐졌다..오히려 20~30대 얼굴보다 갸름하고 균형 맞아진 느낌,0
황금빛 약빨 떨어지니까 슬금슬금 나오는 군ㅋ,1
ㅋㅋㅋ 저런것도 정신병임. 정신과상담받으세요,2
부모가 잘못한걸 왜 아들이 변제해야되는지 모르겠네,0
그냥 좀만 빼고 입자,1
공블리 항상 응원합니다❣ 공배우님 인성이 좋으니 저희 팬들도 당연히 매너 갑이죠.,0
쟤네들이 피를 나눈 형제도 아니고 그렇다고 절친도 아니고 고작해야 사회로 치면 직장동료일뿐인데 그렇게 슬퍼하겠냐?냉정하게 생각해봐,1
아들 결혼식에서 '옥자씨 잘해줄게' 는 왠 말 ㅠㅠ이아저씨 정말 진상이야 짜증나 이제 그만 나와요광산김씨 지겹다 정말 .. 하차 안할거면 옥자씨 친정 식구들이나 나와라 김씨들 그만 !! 장작가에게 김승현씨 이미지만 나빠짐,1
"2,30대 골빈여자들은 이 기사에 다 모이는건가ㅋㅋㅋㅋ 이래서 여자는 투표권 주면 안된다. 엠넷사전투표나 하고 살아야지 계집들은",2
예능에서 자주 나오는 웃길려고하는거지만 상당히 정확한 전기오는 거짓말탐지기 유재석이 한거보면 집에서 확실히 힘들긴한거같더라 ㅋㅋ 느낌상 유재석이 정확한데 나경은은 더 정확하니 평소에 집에서 답답한일 많을거같다 ㅋㅋ,1
지디 얼굴이 변했네요 부어도보이고...,0
나래랑 방송같이 하기 싫어서 하차하는 걸꺼야.유미가 투샷을 원치 않으니까,1
빛투나 해결해라,0
이런 기사는 안 보고싶다,0
티아라란 걸그룹 아깝긴 하지...히트곡도 많고...애들도 예뻐서...왕따사건만 아녔어도 더 롱런 할 수 있었을 텐데...솔직히 소시 보다 훨 나았지...,0
근데 일진이었다는게 이렇게 근 파장을 일으킬 정도인가?.. 너무 오바하는거 아니냨ㅋ,1
30넘어서 공익가는 꼴이란ㅋㅋㅋㅋㅋ진짜 모냥빠진다ㅋㅋㅋ,1
근데 실종이 아니고 삼촌이 사업실패하고 잠수탄거같은데... 실종이랑 잠수는 다르지...,0
이넘은 뭐 매번 인터뷰마다 돈돈 거리네 ~ 양희은언니 좀 본받아라 ~ 다들 먹고살게 힘든데 돈도 많이 버는것들이 방송나와서 자꾸 돈돈 거리는거 일반인들 힘빠지게 만든다고 ㅉㅉㅉ,1
거의 대부분의 사람들은 양준일에게 아무 관심이 없다. 어거지로 자꾸 띄워대니깐 이제 거부감이 든다.,0
이제 약빨떨어진거같은데 고만폐지하자 잘사는집애기들 돌봐주기도아니고 노잼이다,1
똑같은 배우 똑같은 연기 똑같은 캐릭터 한국 드라마는 진짜 발전이 없다 새로울것도 없고,0
맴버들 밥먹다 채하것다ㅋ,0
유강라인 이었으면 좋겠다,0
무고한 생명들이 죽어 나가는 판에 좀 너무한거 마닌가? 생각도 없고 개념도 없는 부부일세 ㅜ,0
자본주의가 낳은 괴물 커플,1
구혜선!!응원한다 쉽게변심한 안재현 어떤식으로든 죗값받기를 바란다 한여배우(여자)인생 망친놈이다,1
다 지루하고 숙행만 기대. 진짜 연애가 필요보이는 사람 섭외해라,1
진실은 조만간 밝혀지겠지~,0
추카추카 친구3인방 안부도 궁굼하네요~~ 정말 재밌게 봤는데,0
너무 이쁘다,0
설정 오지게 쩐다 쩔어 형철커플이랑 겹치네 정장입고 식사하는 장면,1
죽은 최진실도 거의 닮지도 않은애가단지 진실이딸인것 뿐인데~본인이 엄마처럼 대스타인양 관심 받고싶은건지.......정상 아닌듯너 오빠처럼 조용히 살지.......,2
화사 박봄이 댓글 점유율 최상위인거 보니 믿거 프로구만,1
역시 헬조선에선 금수저로 태어나야해!!!,0
임현주 남자 앞에서 실실 쪼개면서 꼬리흔드는게 재섭음. 웃을 일도 아닌데 오바떨고 남자를 홀림.,2
김지석 얼굴길고 싸가지 없음 ㅇㅇ,1
얘가뭔죄고 맷퇘지들아ㅋㅋㅋ,2
정해인은 너무 귀척해서 별로ㅉㅉ니가 훨 낫다,1
김태호도 감이 떨어진게 유재석은 패널들에 얹혀가는 자가발전안되는 십거품인데 또 유거품을 썼다는거. 거기다 유재석새기 지랑 맞는다 생각하는 양배추랑 또하는데 둘다 그냥 처망한거지. 양배추는 상승세에 잘못 줄서서 추락을 맛볼거구,2
몸이 중년 아주머니네 살빼라,2
믹스나인 데뷔조밖에 생각안난다 걔들이 더낫지 진짜 인물도 정말없고실력도 거기서거기고 믹스나인데뷔조얘들은 그렇게버리더니성공많이하세요 약회장님,1
대마는 이제 la에서도 합법이다. 그만 짖어라,1
"김세정 옛날 얼굴이아닌데 혹, 성형했나요? 지연도 마찬가지고! 나이들어보이던데.. 원래얼굴들이 훨..",1
여자가 너무아까움,0
40대늙은이 32% 돌아이련들...쯧쯧쯧,2
지코가 석자...ㅎ,1
암 가족분들힘내세요 하이팅입니다,0
적당히 해라 운전하다보면 보복운전 하고싶은 경우가 얼마나 많은데 그냥 이해하고 나도 그런상황만들수 잇으니 넘어가는거지 여기 댓글쓰는사람들은 운전자 아닌듯하다,0
물곰 원래 비쌈... 그럿도 모르고 5인분 시킨 얼간이들 잘못이지... 왜 애꿎은 가게를 욕하지???,2
헨리 너무 좋아요❤️❤️ 나 혼자산다에서 오래오래 봤으면 좋겠어요 ^^,0
저둘이 사귄다구요? 미쳤네요 너무 나이차이가...,1
여자때문에 남자가피해보네,2
지지난달 킨텍스 전시장에서 이상아누나 봤는데! 확실히 연예인은 급이 다르더라! 세월이 흘러도 이쁘긴 진짜 이쁘더라.예전에는 진짜 탑급의 하이틴 스타였는데... 악플러들 니들이 이상아 악플달 자격이나 있냐?,0
엄마 없다,1
근데 어느정도인지모르겠으나 그냥가만히있는데 혼내고 때리진않았을건데 너무 한쪽말만 철썩같이 들어주는거아님?,1
많이 힘들었을텐데 컴백해줘서 고마워♡,0
얼마나 빡대가리면 떨어지누 ㅋㅋㅋㅋ,2
이 드라마는 전작들에 비해 노잼....,0
남주여주가.. 밍숭맹숭한데..,0
무슨 아버지의 이름으로 ㅋㅋㅋㅋ 그냥 무서우니까 제일보고싶은 자식내미 부른거지 포장은 ㅋㅋㅋㅋ ㄱ,0
정준영이랑 했으면 여자가 개이득 아님?,2
"히트작이래봐야 미사, 발리 두개 정도가 다고 연기력도 그저 그런 수준으로 배우로서 명성보단 소간지로 더 유명한 대표적인 거품배우..",2
정말 현대의학의 힘은 대단하다는걸 느끼게해줌..,0
전에 악플달아서 미안해요 그땐 김스카이팬이라서... 무튼 사실 남녀관계는 본인외엔 알수없죠 요즘 자꾸 악플유도 기사 올라오는거같은데 사실 님 이뻐요 힘내세요,0
극중 지성이 맡은역할 정말 별로,0
슈는요? 강원도에 이싸요?,0
"모든 암이 그렇지만...췌장암, 담도암...진짜 싫다ㅠㅠ엄마를 하늘로 데리고 갔어ㅠㅠ삼가고인의 명봅을 빕니다...",0
얘는 스타성이 없진않은데 뛰어나온 입이 영~촌스럽다. 양악수술하고 나오지. 방송보면 뛰어나온 입때문에 늘 촌스러워.,2
주방장 새끼들한테 쉐프라는 이름 좀 쓰지마라.,2
기부도 안 하고 물바가지 뒤짚어쓰는게 뭔 소용이람,1
진짜 한혜진.얘는 왜나와 ㅡ ㅡ 완존 노잼!!,1
한혜진도 존.못이었는데 얘도 비슷하네. 그래도 얘는 머리라도 똑똑하니깐머,1
"거거, 남자가 사업하다보면 접대도 할수 있는것이지... 비즈니스를 모르시네..",2
좌빨 영화 납시요 개돼지들 선동시키기 딱이요,2
솔까 기안84 작업실 오픈때 아무리 친해도 한혜진의 행동이 조금 의문 스럽긴 했음 남자친구 있는데 아무리 친한 동생이라지만 가서 그래 웃고 즐기는게 나만 이상하다고 느끼진 않았을듯,1
기자가 기레기 티내나요? 주홍글씨는 불륜녀한테 붙인 낙인인데 책 좀 읽으세요. 무식한 기자 양반아.,2
호란언니 화이팅하세요~ 음주는 지난과거 앞으로 멋진인생 살아주는게 팬들에게 좋은모습 보여주는거에요~^^,0
모든 여자들은 설리를 본 받아야 한다. 가슴은 더이상 숨길게 아니다 설리처럼 다 까고 다니자! 설리야 응원한다!,1
ㅋㅋㅋ 한국에서 더러운 불체자 태국넘들 개많은데 그 쉐리들도 일단 깜방보내자ㅋㅋㅋ,2
강남이니까 일본임에도 불구하고 인정하는거임 이승기 정준영 친구같은 날라리였음 용서 안해,0
행복하게사시길 악플러는어디에도있죠 신경쓰지마시길,0
참 애쓴다 애써 걍 당당하게 사귀지 그게 뭔 꼴볼견이냐?,1
살아있는게신기ㄷㄷ 쌈디나이가 거의마흔인데 어릴때실종됐는데 ㄷ,0
아름다운 종료 기대되요. 빨리 보고 싶어요.,0
● 꼰대들 특징: 나 때는 말이야~ 누가 뭐라고 괴롭히든 다 참고 버티고 다녔어~ 그만한 일로 그러냐ㅉㅉ 약해빠져가지구 ㅉㅉ 원래 사회 생활이 그래~~,1
자야하는데... 엔딩 부분 계속 보게 된다. 만월 진짜 과거도 현재도 왜케 슬픈지... 연기 최고 였다,0
음악퀄은 아직도 3사중에선 오이지야 음악 뮤비 무대 돈을 안아껴,0
겸손하게 고사하는 백종원 과 그걸 또 받는 유재석의 그릇의 차이가 너무 확연히 느껴졌습니다. 진짜 대상은 누가봐도 이견없이 백종원 이라고 생각합니다.,0
지성이 더잘생김,0
너무 인신공격은 자제들합시다 당신들은 뭐깨끗한가요?ㅠ 그래도 일본에서나 해외에서도 알아주는 탑클래스에요 ..국내 명예도 높였는데 가만해주면 좋겠습니다.더이상 상처받지말고 늘 응원해요 오빠 ㅠㅠ,0
양녀 롤이면 재산도 물려받고 미래 생각하면 개이득이지,1
"근데 브라 해본적도없는 한남들이 왜 더 거품물고 난리임 ㅋㅋ 관심없다면서 기사마다 댓글비율 20,30,40대 한국남성임 ㅋㅋㅋㅋㅋㅋ 브라 해본적도 없는 수컷들 주제에",2
에이미 제발 조용히 사세요..다른 사람에게 피해주지마라..너로 인하여 아무 이유없이 피해보게 하지마..재수앖네,1
아이를 키우시면 진정 이 나라가 어떤 방향으로 가야하는지 깊이...깊이...생각해 주세요! 지금의 이 정권...무조건 편드는 건 정말 아니지 않나요?,0
범인은 김남주,0
김동명은 실력이 역부족이라 잘나갔네,1
근데 인상이 좀거시기한군 뭔가 한성격할것같은,1
피떡이 되게 맞고 위자료 명분으로 돈 받았을거 같은데,1
세령아 난 어떠냐. 나도 어디가면 이정재달맛다는소리 마니드러,1
여주 남주 밉상이야 이기적인 종자들,1
내가 너를 고소하고 싶어 정국아 진짜 존나 패고싶다 생각이없니? 국뽕으로 뭘하든 오냐오냐 해주니가 뭐든 니 멋대로 해도 되는것 같아? 공항에는 꼬박꼬박 마스크 끼고 오는놈이 놀러다닐땐 마스크도 안쓰고 진짜 서운하다 정국아,2
원래 레파토리였지 계획된,0
난 여자지만 송다은이 젤 매력있던데ㅋㅋㅋ,0
"작가 애도 성상납 했나, 어디서 주워 듣고 다 아는것 처름 애기하네, 푼수",2
폐지해라 윾도 제발 ㅋㅋ,2
사진보니 새삼이쁘네...예쁜아가낳고 행복하게 사세요~~,0
조만간에 이 부부도 이혼각이네 ㅋㅋㅋ,2
다솜씨 다음엔..산에백숙먹으러 '아빠'랑 가지말구 '오빠'랑가요~난 다솜이좋드라~ㅋㅋㅋ ㅋㅋ그리고 개예쁨♡♡♡,0
애초에 결혼할 사람과 성관계 가져라~~,0
박보검 제발 종교에서 빠져나오자,1
시엄마랑결혼한건가했어 시엄마가 너무 쎄다 너무 내놓지 말고3년살아봐라 귀머거리 장님 또머하나더있었는데 시짜는 시금치도 안먹는다는데,1
글게 탈세는 왜함?? 그냥 벌받았다 생각하셈. 솔직히 동정심 안가네.,0
응 무리수....,1
제발 부탁요연예인여려분악플러들 신경쓰지들 말고사세요들,0
연기도 조여정이 젤 좋았음,0
왜 하필 전라도로 가서 이런 참변을 당하셨나...,1
내가 보기엔 이거 돈떼먹으려는 수작 아니냐? 이거 다 쇼아냐?,1
이쁘게 잘살고 있고만 먼 생트집이야순산하세요,0
근데 이 여자 전라도 광주사람임,1
임세령이 복찬거지!!내가 여자면 난 이재용이랑 살텐데...,1
괸찬아! 갑상선암은 조기치료하면 큰걱정안해도 된다 !! 빨리 완쾌해서 다시 무대서기를 화이팅 !!!!,0
검사할때 한방울 슬쩍 떨어뜨리고 마약 나왔다고 하면 누구나 걸리는거 아니냐?,1
오지랖정권 이번에 또 제대로 헛발질 할거 같네.... 저능아 집단이냐?,2
그냥 무작정 까고보네 미성년자도 결혼할수있는거고 나이처먹고도 애지우려드는 너희들보다 훨 떳떳하구만 지금도 비방댓글 달면서 부모님 등골뽑아먹는것들이 부들대는거봐라 인생이 늘 불만이네,2
이 드라마엔 여주가 없군.,0
치매는 다양한 생각을 하지않고 안주하고 편안곳예만기대고 특히 운동이나 기억력증진을 위해 노력하지 않는다면 누구나 걸림 특히 고집세고 한가지방식만 생각하고 자기들이 옳다고만 우기는 사람들은 백프로 걸리는게 치매,1
첫회부터 뻔한거임~ 장나라의 의부증이 원인임~ 그냥 첫회부터 그럴줄 알았음~~,1
으메 돼지같이생겨구만 먼얼굴에 살이 코는 살이 으찌 저러게 졌을까 광대는 살이 오메 박신양 때문에 본다 고현정 리턴 sbs안돼니 kbs 와서도 안돼겠다 누가 대타좀 구해줘...코맹맹 발음 와~ 쩐다 쩔어 누가보긋냐..,2
수임이 너무 단순 무식하다. 남의 마음 따윈 안중에도 없음.,1
일본 축구 져라,0
김수민 대세 인증이네 ㅎㅎ 그리고 여적여는 만고의 진리,1
여자가 99억명이면 좋겠다. 그럼 결혼하기 쉬울텐데.. 골라먹을수 있으니..,2
연기도 넘 잘하시고 훌륭한 배우라고 생각합니다..항상 건강하시고 응원합니다^^,0
힘내소...연기로 답해요.나도 53살 인데 이런일 저런일 다 있더라구요.인격을 믿습니다..홨팅,0
여자 교도소 가고 싶다...킁킁킁,2
뭐 웹드기도 하고 크라임씬 같은 데서도 예능이긴 하지만 괜찮게 해서 좋게 생각함,0
반전있을듯 김혜나는살아있다.,0
로또사러갔다가 인생 로또 맞았네요 장동윤배우 앞으로 응원합니다♥,0
기사 사진만 봤을땐 그닥 몰겠다 무튼 일본은 짜져라,2
감당이되냐ㅋㅋ일이천도아니고 현재돈으로 수십억할지도모르는데ㅋㅋㅋ 도끼라해도 변상다못한다ㅋㅋㅋ 그냥 잊혀질때까지기다렸다가 좋은 앨범으로 보답하자!,1
꼴에 여자 가리는 거야미나가 과분해서 안 어울렸지만핑계를 대도 바빠서 ㆍ 찌질하기는 ~~수준에 맞는 여자 있으려나가식적인 넘,2
결혼식을 준비하던중 임신을 했다...자기 입으로도 갑작스레 결혼발표를 하게 되었다고 하는거 보니 약간 냄새가 나는데..일단 결혼과 임신은 가히 축하받아야 마땅하지. 조금 더 솔직하게 밝혔으면 하네..,1
막내딸이랑 기태영 잘어울린데 왜 난리들 ㅠ,0
하현우팬들 혐오스럽네 .. 가수로 애가. 뭔 대단한 커리어가 있다고 여자가수라 팬수도 적으니 아주 악플쩌네,2
이게 왜 욕을 먹는거야? 하여간 남 잘되는 꼴 못보는 한국인 종특 ㅋㅋ,2
여보세요~~~ 그냥 남자가 권태기 와서 여자 버리고 싶어진겁니다~~여러분 결혼 한번 안해본 사람들처럼 왜이러세요~~,2
아까비... 강남에 클럽 하나 있었으면 운전병으로 꿀빨텐데,1
노무현 실루엣이면 뭐 어쩌라구 놈현이 신이냐아주 어거지네,2
몸이 안 따라준거였네. 마음고생 심했겠다. 그냥 솔직하게 얘기하지...,0
하도 나대고 다니니..,1
반성안해도됑 걍 평생감옥에서 살아 너무 가증스럽다,1
구혜선씨 미우새에 미리 양해라도 구하던지누가 무책임한지 모르겠네보기엔 얌전하고 성격 좋아보이드만완전 가식였나봄.이렇게 맘대로 하는거 보니 성질 드러운거 같네,2
시ᆞᆞᆞᆞ뱔 유재석 너도 보고 좀 배워 돈만 벌지말고,1
이게 무슨 단발이니,0
사람고기 먹는 거 생각나네,0
이런상간년들하고파람피우는게 바로니신랑이란다,2
성폭행당하는 여자 도우려다가 인생 말리는 사람 여럿 봤는데 운 좋으시네,1
오빠 언제나 늘 강성훈만 응원할게요,0
양세형 빨갱이인줄,2
개노잼 빨리 프로그램 내려라,0
왕따는 등록안해,2
왜 여자로써 안사랑하고 하나는 남장을 하는거지?,1
"지랄도 풍년이다. 문재앙이 과거사로 사사건건 시비거니 아베가 빡쳐서난 사단인데, 애먼 여행객 한테 왜 지랄들이냐? 아예 공항도 폐쇄하고, 뱃길도 끊지 그러냐?",2
방송출연해서 이런말 막해도 되나? 김학래는 가정 없이 혼자사는분인가? 글고 아무것도 모르는 우리도 남을 쓰레기라 말할 자격있나? 김학래씨도 잘못했다고 인정하는게 좋을듯 어떤 사정이 있었는지는 모르나 잘못한부분은 분명히 있으니,2
이미지 전환시킬려고 막무가네 기사올리더만 결국 하나 건졌네 ㅊㅋ,0
좀 못하긴했어도 이정도까지 논란될 정도는 아닌듯애초에 신인이고 그냥 쌩라이브였는데 에코없이물론 더 잘했으면 좋았었겠지만 너무 까는것같아서 좀 그렇다,0
솔직히 옛날모습은없긴함. 관리를하셔야함,1
전현무?조세호? 고르라고??토 나온다,2
이제 박유천그만 까라개인일이고 욕먹을 만큼 먹었디ㅡ,0
아주잘키우고있는데..여기.불만가득한40대들 여성들 너무많네요..문제집 같이푼 어머니들만왈가왈부할수있을듯..남잘되는꼴을 못보는 심보들인듯!!!!,1
군대나 가세요,0
진심 세상 혼자사시네..... 갑자기 내쪽으로 걸어오시면 숨도 못 쉴 듯....,0
근데 5살도 유모차 씀?? 애가 15년 초 출생인걸로 아는데.. 5살이면 유모차탈나이는 지나지 않았나,0
전원조작이라니 말도 안되죠그런개소리는 어디서 가져오시는거죠?아 기자님 상상력?,1
쌍방 잘한거 하나도 없다,0
엄마는 저렇게나 이쁜데...넘 이쁘다,0
결국 유연석도 ㅋㅋㅋㅋ커피프렌즈는 적당한사기에 잘 끝났네,0
으이그 그딴걸 자랑이라고 짖거리냐? 너거새끼가 학교째고 그래봐라 ㅉㅉ 하여간 자식은 부모를 닮는다더니 ㅉ,2
여자 연예인들은 참 힘들겠다ㅠㅠ,0
예능인데 웃긴 애가 단 한명도 없는 이상한 프로그램... 걍 사람이좋다 같음,0
나도 니 센터 고집할 때 황당함이 말로 표현이 안되더라,1
다 설정이었나 보네.요즘 대부분 젊은 며느리가 갑이고 시어머니가 을이라 시누이들이 친정엄마 고생하는것 보기 싫어서 명절에 친정에도 안 간다.,1
너무 이쁘던데,0
팩트: 여기서 글쓰고있는 사람들보다 육지담이 훨씬 잘나감ㅋ,1
"아니 인스타보고 이게 기사거리야,? 인스타에서 사진 퍼오고 기사거리 진짜 없나바",1
난 54키론데 66도 작을때가잇는데아무리바도 77도 작을듯한데~모지얼굴살만빠지고 배는 쪼금빠진것갓은데~웃긴다,1
허스토리 왜 상영하는 곳 찾기가 힘든가요?다른 헐리우드 영화는 상영관도 많이 배정받고 상영일도긴 것같은데 허스토리는 벌써 내리고 없네요..보고 싶어요.,0
동백꽃이 얼마나 재밌었는지 알겠다,0
홍진영도 생각도 없다 홍진영이 돈 더 잘버는데 ~~ㅋ,1
죽은이 앵간이 우려먹어라 상먼의미,2
어제 너무 재밌으시던데요! 잘 봤어요ㅋㅋ뉴스에서 계속 볼 수 있으면 좋겠어요~~,0
부러우면 지는거지~~ 참하고 이쁘구만~ㅋ장예원보다 이쁘구만~~ ㅋㅋㅋㅋㅋㅋ,0
ㅋㅋㅋㅋㅋ 정존물 ㅋㅋㅋㅋㅋ,2
김성구 마누라 엄청 을궈 먹는다 마누라 안죽었음 어쨌냐,2
글만읽어도 진부하다..70년대 일본소설 느낌을 벗어날수 없다..오싱같은..,1
"저 X 들, 밥먹고 드럽게 할 일 없나부다... 요즘 군대가 군대냐?..당나라 군대지.. 졸라 빠져가지고..ㅋㅋ",2
솔직히 정준영 최종훈급은 몰라도 주진모 장동건급이면 범죄가 아니라 재능기부로 봐야지 ㅋㅋㅋㅋㅋ,2
엠빙신 채널지운지 오래 최승호뒺문으로 들어온 적폐 사퇴시키고구속해야지.국정농단문재인은 정작 국민대중이 원하는 조사나 구속은 없고 지가 싫은것만 벌하면서 경제말아먹는싸이코 이중인격 찐따,2
하튼 못생겨거지고는 신비주의저놈의 컨셉 다늙어거까지저러내 무도에서 노홍철 극혐학때부터 니인성 거덜날다 못난아,1
ㄱㅣ사 쓸게 없구나 이딴게 기사에 나오고 봐야하다니...,1
헤이 댇~ 아빠 코리아에서 사긔 쳤얼 맨?,1
여자의 적은 여자다 ㅋㅋ 미투피해자 vs 조민기 아내,2
잘생긴애들이 99의 여자 다 따먹고 다니는게 맞는 모양이네 솔직히 부럽다 나는 돈주고도 그정도 따먹기 힘든데 ㅠ,2
현아가 저러면 욕 엄청할것들이 화사가하니 멋있다하지 화사도보면 스스로 성상품화하네나혼자산다에서 운동회때 바지계속추켜 올려 중요부분 티나게 할때 부터알아봄,2
종국이가 낫구만 얼굴이 다가아니다 사람은,0
도대체가 생각이있는애야뭐야 부끄런지도모르고 아예벗지그래 말쎄다,2
갈수록 싸구려가 되가네...,1
운동하는 아들이 없군. 좋은 아빠,0
모야 크러쉬 개멋져....노래들으면서 자야지,0
살찌니까 최유라모습 그대로네,0
진화야 더 늦기전에 손절하고 어리고 이쁜애 만나라,1
이게 왜 실시간 검색어1위?????진짜 웃긴다 네이버 새끼들...,1
이여자 돈갚았나모르겠네 3000만원,1
태랑이도 극중에 막 호감형은 아니지만 드라마는 드라마로 봤으면 좋겠다..다 잊았나...진우 바람피운거..몰 자꾸 바람피운 사람이랑 잘됐으면 한다고하는 사람들이 이렇게 많은지...,1
한혜진이 넘 아까웠지~애초부터 만나지말았어야했어,0
몽형 모두가 기다렸습니다 컴백 축하드립니다유스케도 나와주세요,0
마른사람들 부럽다 만삭인데 어케 배만 나오지,0
조인성 방귀 잘낄거 같아 냄새도 독하다던데,2
이미 인증한사람이 뭐 아쉽다고 구라치겠슴?그리고 뭔상관이지 들???,1
그냥 강남 상판대기구만....!,1
내가 진짜 현빈 땜시 본다 도대체 뭔 얘기를 하는지 도통 모르겠네 나만 그런가 ~,1
유재석캐릭터 이제 질린다,1
언젠간 어떤남자에게 소유물이 되겠지? ㅇㅇ 노처녀는 안될거 아니냐? 김태희도 결혼할판에 김태희는 비 소유물이다,2
ㅁㅊ 약쟁이 슬슬 기어나오시구요~,2
알바들아 댓글실명제해도 그렇게 악플달꺼?,0
아우 어쩌라고. 이승훈 차장 아니라는 기사로 도배하면서 물타기하더니,1
퇴물아재 결혼 얘기말고 우리 방탄 오라버니들 미국 프로그램 스케쥴 잡혔던데.. 그거나 기사내주세요 기자님~!,2
앨범홍보때문에 터트린거자나 이쁘게봐주자,0
주위를 잘 안보고 생각없이 이쁜척 도도하척 하고 다니다가 꼴좋다 ㅉㅉ외국에가서 가구를 보다니....이해불가,1
베댓 꼬라지봐라 ㅉㅉ 남이사 다끋어고쳤든 니들은 자연인수준 얼굴로 안뜯어고쳐가지곤 이용대같은남자 절대목만남,1
난 김수현이 겹치는데 말야..,0
솔직히 맞는 말. 기부는 유행 아니고 성유리정도면 꾸준히 기부하는 단체 있을거임. 지목당하면 인스타그램에 왜 안하세요? 하는 사람은 왜 그러는거임? 의무아니잖아ㅋㅋ 신경꺼ㅋㅋ,0
이쁘게 자고있음 찍을 수도 있고 올릴수도 있는거 이닌가 친한사이면,0
나이값 못하는 비호감 아지매...ㅉㅉ,1
난. 아~아~아~아~딸 이다.정부에서 국민훈장줘야되지. 않냐. 저출산에. 5명 인데.애국자,1
사쿠라는 얼굴만봐도 스타성 있는거맞아. 근데 시로마미루는 위안부사건보고 비호감됨 이런애는 데뷔조 넣으면안돼 그리고 나코는 왜2등인거냐? 키가 너무작아서 데뷔조들어가면 너무 언발란스해ㅡㅡ,1
먹을거잘사주면 좋아합니다 사랑해 울조카님들,0
206000달러 중 겨우 계약금 수준인 34700을 지불안했다면 뭔 사정이 있을거같아 중립기어 박아요,0
오늘 기대기대,0
아는형님에서 장성규한테 발린애 ㅋㅋ,1
애를낳았으면 당연히 아줌마지 애엄마가 어때서.....,1
ㅋㅋ 작가 소설과 연기자들 연기에 놀아나는꼴이 개꿀쟁이네,0
ㅅㅅ 한게 자랑? ㅈㅅ로 그것도,2
보기 싫음,1
발 빨구싶다.이뻐 핰,2
전쟁기념관 가는게 이제 추세여?,0
한혜진 때도 맞췄듯이 전현무 입장에선 걍 데리고놀다 버릴 급. 그이상 노노. 절대 결혼까지 안간다고 장담한다. 여자가 바보다. 카사노바와 공개열애라니ㅎㅎ시집잘갈 앞길 막혔다고 본다....,1
진짜 미친 나라네,1
별것도 아닌거로 추방이래.자기가 만난 사람들이 다 성형했다잖아.이딴거로 청원하지마라.할일도 없냐,1
한주는 전현무나오고 다음주는 한혜진 나오고해라.어짜피 프로그램컨셉이 조우출동인데 뭘,0
47kg면 내 몸무겐데 난 소멸되겠다.ㅎㅎ,0
근데 학폭 미투 창피하지도 않나? 나 학교다닐때 찐따였소 동네방네 소문내고 다니는거 아님? 찐따가 한을 품으면 오뉴월에도 서리가 내린다더니 효린은 재수없게 발목 잡힌거같아 안타깝군.,2
한혜진편 개꿀잼...모델이니까 가능한 출사다 정말,0
총공팀이 뭐냐 진짜 오글거린다 적당히해라 진짜 뭐든지 적당히 해야지,0
그래도 인정하는 모습이좋네,0
아니 근데 아직 성추행이라고 정확히 결론난것도 아닌데 왜 맨날 연예인쪽만 신상 다 까발려져서 여론을 형성하냐. 결론난 다음에 까발려져도 되잖아. 이러고서 무고죄로 판결나면 이렇게 이미지 깎아먹고 스트레스 받은건 누가 책임짐,1
ㅋㅋㅋㅋ재미로 사람인생을 조지려 햇다는거내.... ㅋㅋㅋ법이 이따구로 벌금 맥이고 끝내니깐 재미로 저러지....남의 인생 조지려 햇던 저분들 인생 조져 주새요....,2
싱글처럼젊던데 결혼하셨구나 축하해요 !!연기도 더하시짘ㅋㅋㅋㅋ,0
불현한 애들 대부분 쿵쾅이들 ㅋㅋㅋㅋㅋㅋㅋㅋㅋㅋㅋㅋㅋ 남자들이 불편해 하겠냐 ㅋㅋ,2
조보아 정법나온거 안본 남자있냐?,0
방송 나올때 너무 이뻤어요~,0
노무현. 김대중 세월호는 건들면 안되고 이승만 박정희 전두환은 욕해도 되고 ㅋㅋ기준이 뭐냐???,1
안희정 따라잡기 냐?? 한번 거짓말이면 나도 안희정 처럼 될수 있다야?,1
나만 황제좋은거 아니었구나...ㅠㅠ,0
승기 이제 노랜 안하냐?,0
모쏠들 천국인가 남녀사이에 친구가 없긴뭐가없어 니들핸드폰에는 이성전화번호하나도없냐?남사친 여사친?남녀사이에 친구가 될수없는경우는 사겼다가 쫑난상태에서는 절대친구가 될수없다가 맞지ㅎㅎ,2
너 코 새로했지??예전보다 이번코가 더이쁘네,1
트럼프나 프란치스코교황까지 빨갱이로 만드네ㅋㅋ대체 뭘 쳐먹었길래 다른세상을 살고있는지ㅋㅋ,2
계속 버티는거 보면 이 인간 인성이 나오는거지,1
정말 축하드려요 그 나이에 임신 성공하기 쉽지 않은데 하늘이 도왔나봅니다..,0
정신병 개많네 ㄷㄷㄷㄷㄷ반일감정이 뇌를 지배함 근데 일본여행은 개꿀임,2
여러분 절대 보지마세요.. 드럽게 재미없는 3류영화입니다 !!!,0
중환자실이면 살아도 죽은것이여,0
도끼가 얼핏 비호감(?) 스러운 언행을 했을지 몰라도 실상 보자면 쇼미도 심사위원에서 도끼 더콰이엇 빠진 이후로 질이 급락;;했고.... 힙합계에서 이정도로 신사적으로 깔끔하게 음악 한 사람도 별로 없어요,0
이거 무슨 방학숙제 같은데,0
전형적인 한국의 아줌마상이지...,2
이 방송 없어졌으면....,0
상영관 독점 너무 심하던데 오히려 반감들어서 안보게 됨..,0
강한나가 훨씬 아깝다! 짱께는 잘생겨도 냄새난다!,2
2년 사귀었으면 ... 서로 온몸의 점 위치까지 다알 듯 ㅋㅋㅋ,1
38세48세로 잘못적은거아닌가ㅋㅋㅋㅋ할정도로 동안이네요~~~,0
아니 무엇보다 그냥 안재현미모가 젤 오짐,0
오늘안으로 목메달아 자to살하시길 유가족에 대한 사과의 뜻으로 ✔,2
"연예인한테 투자 가능하다면,난 세호한테 올인.",0
난 영상 보고 어 민호 닮았네!하고 생각했는데......,0
나이를 초월한 사랑...솔직히 아름답다.,0
웃프다. 탈모로 가발 쓴 역 맡았네 ㅋ,1
한채아가 예뻐긴 예쁜갑네 질투한는 애들만네ㅋ,1
이 영화 언플이 왜이렇게 많은것같지 개봉은햇나,0
이선정씨 공항장애앓았다는게 안타값네요.근데 요즘 언제부턴가 공항장애가 연예인병이 된것같음......너도나도 공항장애 앓는다하시니.........,1
"걍 이병헌 싫어하는 감정때문에 빼액대는거지, 연기로 따지면 여기 댓글들이 말하는 강동원이나 김남길이 상대가 되냐. 이병헌 사생활은 그렇다쳐도 연기는 송강호, 김윤석급이랑 노는 급인데 ㅋㅋ",1
드뎌 김종국 짝을 만나듯 이제 남자답게 고백만 남았다,0
에휴.. 니들이 초등학생들이냐? 히어로물 보면서 우와우와 거리냐? 한심하다 ㅉ,1
진짜 아이오아이에서 김범수 빼곤 다 사라지네...,0
지우사마 행복하게 잘 사세요.,0
여자를 완전 쓰레기로 만드네.. 내 아기라면 책임 지겠다? 읽은 사람이 기분 더러워지네.,2
웬지 박명수는 슬프다고 하면 거짓말 같이.느껴짐 ~~ 왜일까?,1
역시 누구랑 다르게 수상소감이 다르다. 어제 후보 들러리 세운다고 분위기 망치고 난장부린 사람이랑은. 대상은 역시 차원이 다름,1
일베쓰레기. 지금 정상화 되어가는 과정과 선한 사람들이 맘에 안들고 싫으면 그냥 이민가라. 관종짓도 이쁘게 해야지 원. 징그러운 새퀴들.,2
에이미.. 넘 이상한것 같음..,0
여상진샘 수리논술 천재~^^,0
기안 왜안나오고 어쩜 한마디 언급도 없고 기안없으니 재미도 없고 쌈디 기안 없으면 나혼자산다 재미없다고 본인 입으로 말하면서,0
180이하 호빗 한남들은 결혼 하지마셈 ㅋ 돈없으면 연애도 하지마셈 ㅋ 니들 호빗 유전자 받아서 고통받을 네 후손은 뭔죄임?,2
악플 달시간에 잠이나 자라 보기싫음 안보면 되고 듣기싫음 귀닫음 되는일을 굳이 댓글다는 인간들아~~너네는 얼마나 제대로 된 삶을 산다고 여기까지와서 악플 다냐,0
어깨 올리고 바보같은 표정과 행동만 안하면 참 좋은데,1
으ㅡㅇ음.. 이솜도이쁘지만.... 꽃이지고나서야 봄이온줄 알았읍니다... 그립읍니다 김고은님..,0
꾸준하게 비추누른분들 누구 팬들인지 아주 티나죠...ㅋㅋㅋ,1
노무현이 박일도다,1
육성재가아닌게 어디냐ㅠㅠ 이창섭은 노상관 ㅋ,0
연예인들 다들 필라테스 하나 보네 재미 있나?,0
검찰 개혁 꼭 해라,0
다 방송이고 대본이에요 ㅋㅋ 땡깡좀 부리고 해야지 재밋지,0
설마 홍자쪽에서 담근건 아니겠지,1
니들 임신한것까지 알아야하냐,1
걸래도 이런 걸래는 없다,2
안녕하세요 하느님 드라마 아직도 생생함,0
가운데사람 누구지?군인이 립스틱까지바른건가??,1
토니는 왜 있는지??? 그 자리 국헌이가 있어야하지 않나 싶네요 ㅠㅠ 화이팅 ! 항상 응원할게요,1
남자는 키크고 피부좋고 돈많고 능력있고 성격 싸이코패스나 소시오패스만 아니면 됨,1
근데 불친절한알바들보면 때리고싶긴하던데,2
우리엄마걸고 맹세한단뜻임 10선비들 ㅈ l이랄 하지마셈,2
능력도 있는데 20대 여자랑 결혼했으면 좋을텐데,1
아이유 따라하지마,0
예전에 김성수랑 혜빈이엄마랑 혜빈이 돌도 안됐을때 가족관찰예능 같은거 나왔던걸로 기억하는데.. 그거 즐겨봤었어서 사건때 충격이 컸어요.,0
진짜 진리는 남자는 재력 여자는 미모인데 되도않는 것들이 넷에서만 피터지게 싸우네 ㅋㅋㅋㅋㅋㅋㅋㅋ,1
김건모 가 부릅니다. 도자기 처럼 깨진 사랑.,1
예서는 못생겼는데 못됐고 혜나는 예쁜데 못됐고 둘다 연기 잘하지만 내게는 그차이,0
손승연 실력은 소향과 동급이라고 봅니다.,0
왠 쪽발이를 출연 햇지 시국이 참나 불쌍한지만,2
광희야 방탄 대신 군대 10년만 더 갔다오자 애국하는거야,1
수아가 불쌍하다 납치되서 20년을 힘들게 살고 남자놈은 수아버리고 민채린한테 가서 다리에서 뛰려고했다 수아가 저둘때메 눈안뒤집히겠냐 그리고 수아정체알고도 부모와못만나게 한채린이를 알게된다면 그집서쫒겨나야죠,0
딱봐도 그냥 듣보잡이 이름좀 알려보려고 검색어에 좀 올라가 보려고 스탭한테 머리채좀 잡아달라고 한거네,1
기부 하는거 정말 좋은일이긴 한데 박수홍 기부 검색한번 해보시길...저렇게 광고하듯이 하는거보다 박수홍처럼 했으면 좋았을텐데..,0
자살 언제하냐?,2
오늘 종혁자한 안나와서 좀 아쉬웟지만 그래도 잼있게 잘봣습니다 ~,0
남자들이 딱 싫어하는 스타일이네,1
남자가 참 못났다.,1
헨리 지한가할때만 나왔다 안나왔디 고정으로 나오는것도 아닌데 빼라 씸디나와서 더 재밌음,1
하하 플러스 유재석 너무 질린다 ㅡㅡ,0
시집안갈꺼야? 살빼ㅠㅠ 더 예쁠텐데,1
승관보면 문희준보는거같음,0
쟝르를불문한 막장드라마의귀재 김순옥존경스럽네 일부러 재방 몇번봤다 그만좀나와라 쓰레기작가 너때문에내가볼게없다 그만기용해라 쓰레기 방송사야,2
좀 겸손해져라,0
여성비율 69 아줌마들아 좀 징징대지마라급식년들도 마찬가지고 역사배경지식이 아무것도 없으니 재미가 없지 허구헌날 달달핰 로코 만 쳐보니까 비주얼 쩔고 젊은 남자가 나와서 니들 판타지 만족시켜줄 드라마만 찾지ㅉㅉㅉ,2
조선절세미녀 잘 살아요.,0
아이 귀여워~~ ^^,0
오늘 박효섭이 유하가 내딸이라 했고 나중에 정은태가 은수가 내딸이라 하겠네ㅋㅋㅋ 이 드라마의 주제는 딸밍아웃ㅋㅋ,0
복길이도 반할만 해요,0
"돼조이 얼굴 개빻았고 표정은물론 발성,발음 다 질질새고 눈 게슴츠레뜨는거 극혐임",2
역시 막장,0
아 ...씨 지금 나라 상황이 ...네이버 순위조작인가?,1
네 다음 철구랑 어울리던분,0
민간인 사망소식도 기사에 올라오네 ;;,1
나같으면 애한테 미안해서라도 개 안키우지 최소한의 엄마로써 미안함이 잇다면,1
똑똑하고 겸손한 알베르토.,0
내가 제일 싫어하는 사람이 현빈 손예진 아까워,1
심하지도않고 머리카락 몇개던데진짜 예민하네,1
매니저님 볼때마다 성혁 생각남 장보리 문지상,0
저는 원테이블 응원합니다.욕먹고 힘들어도 조언을 잘 받아들이고해내려는 모습이 아름다워요잘될겁니다. 화이팅!!,0
알츠하이머 환자는 가족이 돌보는데 한계가 있어요. 전문요양병원에서 돌보시고 가족은 병문안가시는게 좋은데. 잘 하시리라 믿어요. 그리고,0
딴사람이네 얼마나고친거야 옛날얼굴이난데 가슴도 했구만모,1
박나래 너무오바하지마 . 시끄럽고 거슬린다..ㅡㅡ송가인뜬금없네,1
정말 예뻐진건 사실이네요. 여신 여주인공 다 가능한 미모로 다시 태어났네요. OOO스럽지도 않고 정말 성공한 성형인데 더이상은 손대지 말고 잘 유지 하셨으면 좋겠어요,1
연들도 잘못된거아니냐? 그밤에 남자집으로 술쳐묵하러간게 이게 정상이냐구 그연들두 낮짝공개해라 평생 연애 결혼못하도록!,2
노래 참 잘하고 성실함이 보이네요.응원♡♡♡,0
메니저님 확실하게 공적으로만 만나세요.,1
기사내려라 고아의대한 예의도없네,1
재미로하지말고 유익하게진행해보세요 ~~서장훈 추천,0
저런 개인적인 걸 왜 공개된 곳에 올리는지 이해가 안간다.서로 해결해야지 결국 한명한테.이지매 해달라고 부탁하는건가?,0
남녀를 떠나 만 16세 이상인가는 합의하에 성관계해도 불법이아닌데 뭔상관... 돈있으면 일찍 결혼해서 일찍 애낳아 남들보다 중년때 즐기고살기 더좋겠구만,0
군대생활도 기계가 할거나?,0
아프지마 장디매ㅠㅠ!!!,0
별걸갖고 다... 서다보니 밀려 저렇게 됐을수도...,0
"그와중에 박수홍씨언급은 없네용 바쁘셨나 , . 힘내세요코디 . 삼가고인의명복을 빕니다",0
이제 끝물인데 뭐ㅋㅋ이번주말까지라도 상영하면 다행임 130만명 정도 시마이 무슨묵은지도 아니고 3년 담가놨다가 승기전역하니깐 전역빨로 드리미냐? 호군지 아냐?,1
예쁜데요~!! 효린 옛날 사진은 대박이던데~ㅋㅋㅋㅋ,0
환하나 지독한 인간 인 것 같네요. 박유천은 피해자이다. 이외에도 더 많은 피해자가있을 것이다. 그들을 구원하기 바란다.,1
어디 여자가 팔에다 문신을 해?,1
저 집 막내딸이 되고싶다,0
필모씨부인 좀 그만 돌려 그러다 깨진다진심 걱정,1
역시 고딩때 놀던 애들이 결혼도 늙고 돈많은 남자 잘 물어서 간당께. 고딩때 겁나 다 주고 다닌거 왠만한 울산 사람은 다 알지 ㅋ,2
사람을 우습게 생각해도 유분수지...저게 뭐야 화사 저 옷 입고 저런 표정 지은 적 한번도 없음 가볍다 가벼워,1
역시 춘향이보다 맛,1
파이란나올때 여신미모 장백지 팬이였는데 ~~항상응원합니다 ~~행복하시길,0
이분 연기는 악마를보았다에서 보고 좀 실망.,0
25년전이면 한참 팔팔할때.. 오달수도 아마 이십대 초반.. 서로 어렸을때 반콩깠던거 같은데..저렇게 따지면 이세상에 성범죄자 아닌인간이 있을까 무섭다,1
유느님을 건딜다니 확. 폭팔시켜버릴까,1
ㅋㅋㅋㅋㅋㅋㅋㅋ 면허증 개같이땄넼ㅋㅋㅋㅋㅋㅋㅋ,2
빚 갚으셨음?,1
난안본다 관심이없다 일박이일 좀 끝내라 사람이 그만둘때도 알어야하는데 에구다,1
마른사람이 저런사람보다훨씬않좋고 불행이다 뺄살있는것도 복이다 그리고원래는 찌우는게 훨씬더 어렵다이것만알아둬라 남자건여자건마른사람이 뚱뚱한사람보다 훨씬불행하다는것,1
17년도 아니고 27년이면 진짜 너무했다 이것이 사랑만으로 가능할수 있는지 도저히 납득이 가질 않는다,0
동명인 걔 예쁘던데 걔 때문에 니가 떡으니 고마워 해라 ‼️‼️,2
이쁘긴 한데 매력호감 1도 없는 ㅜ매력이 중요해 특히 배우들은,0
막장도 너무 막장이더라. 주동민 같은 트렌디한 피디가 연출 안했다면 욕 엄청 먹었을 드라마 같네요. 피디가 아까움.,1
"다나 이쁜데 기자가 질투하는 모양새 말 장난 날개 못 다나? 이런게 기사 제목? ㅋ 다나 까지 마라. 착하고 성실하다 이기. 어릴때부터 응원중 , 다나는 단아하다 이기.",1
탁재훈추천..입담은 진짜 최고인듯ㅋ,0
솔직히 민아 줮나어중간하긴해.. 키도작아 바스트도 약해 . 연기도못해 노래도못해... 그나마 데뷔전에 얼굴만볼때 그때가 더좋앗던거같다..,1
이하이 언제 월드스타되냐? 작고 못생긴 뚱보일뿐.월드스타는 될수없을듯..,2
두자매 비호감,0
우아 지오누나를 비방하더니 ㅋㅋㅋㅋ 이젠 생시람잡네 보수집권 멸망 아베대변인 주적은 북한이지만 니넨 쪽바리 제일 나쁘다는걸 명심해라,2
김태링 위사진표정귀엽다..,0
나래가 차려놓은 밥상 전현무가 작년에 대상탔음.. 무큐리가 뭐가 잼있냐.. 전현무는 예능감은 없어...,1
꿀잼 ㅠㅠ,0
간통죄 폐지다 고로 법적으로 홍상수랑 김민희 사귀는건 아무런 결격사유가 없다...한번 사는인생 사랑하는 사람이랑 사겨야지 자식있다고 의무감으로 부인이랑 살 필요없다고 본다...난 홍상수 이해한다,1
헨리 넘 착하고 순수행 ㅠㅠ,0
이승기는 이제 나영석 머릿속에 없는건가요,0
야 다들 오바 좀 하지마라,0
"사진보니 백종원, 소유진 아버지라고 해도 믿을듯",1
솔직히 음악성으로만 따지면 빅뱅한테 한참 밀리는게 팩트인것 같아,1
송창의 이유리 너무좋음,0
그래도 이번 시즌은 바다와 똑같은 모창자가 우승해서 다행이네요 예전엔 모창보단 가창에 중점을 둬서 의외의 우승자가 나왔는데....,0
호란누나 이제 면허 못따자녀 속상해,0
잘주는 애들? 남자들 흔한대화 아녀?그게 왜 성접대야?,2
와 진짜 엄청 욕먹네 난 이제는 안쓰럽다,0
조상이 죄를 많이지니 후손이 살인을 하고나 죽어가지,1
로코 대사를 잘 못 살려 연기가 재미가 없음ㅜㅜ,0
박명수 저 시키나 없애라.진짜 방송 처 하기 싫은거 바로 티난다.완전 거저 먹고 자빠졌네.,1
옥탑방 문제인 아들로 보고들어옴,2
성매매는 범죄라고 하면서 본인들이 다는 악플로 인한 명예훼손 모욕은 범죄가 아닌 척 하시는 분들은 뭔가요? 내로남불 민국 답네요,1
댓글알바 작작쓰렴,1
차화연 과한 오바연기 민망해 못보겠다,1
응 학폭레기 감성팔이 집어쳐~,2
근데 황우슬혜는 성이 황우임 ? 황우씨가 있나,0
유지보단 안해준단거죠 유책배우자가 좋아서 글겠습니까 이혼해줌 돌씽이라고 지만 신나서 다닐껀데 왜 당한사람이 쿨하게 보내줍니까 그럴이유도 없는거지,0
빛투 물타기냐.한고은 너무 연얘경력화려해서.한참놀다가먼눔의 애,2
닥쳐 이련아. 너가 제일 많이 했을거 같아,2
한심하게 드라마나 처보고 앉아있을때나요? 조국 후보자님 우리손으로 지켜야합니다. 국민청원에 서명해주세요. 이대로가면 토착왜구에 나라 먹힙니다,2
맨날 같은 스토리에 막장이 그러니 라이프온마스가 시청률 최고찍지 ㅡㅡ 공영방송국들아 언제까지 막장드라마 찍을까? 수신료아깝다 ㅡㅡ,1
솔직히 누군지 모르겠다. 모르면서 아는척~ 난 음악적 스펙트럼 넓어~ 하는 놈들 개극혐,0
연대 정치외교학과에 하버드 로스쿨. 엄청난 학력이라고 본다. 정치했으면 큰일 했을 분이라고 본다.,0
근데 진짜 아빠랑 딸같긴한데..? 부부인것 뿐이지 외모로 보면..,1
"죄가 있는지 없는지는 조사관들이 알아서 하는거고....니들 연예계에 몸담고 있는 애들이 판단할 기다 아니다를 판단할 시기는 지난듯하다. 이번에 한국 연예계 탈세, 마약, 성매매 등등 각종범죄 조사 다 들어갈테니.",0
재균아 노래방도우미 불렀냐 않불렀냐,2
뭐 그럼 어떤말이 좋은 충고임!! 쳐맞고 살던가! 자살하던가! 죽이던가! 독립하던가! 맞는말 했구만,2
언제부터 혼전임신이 경사가됬냐 ㅎ 밥은먹고다니냐 보니 살림기본이 안되어있더만 ㅉ,1
개티즌들 마녀사냥 역겹다진짜,2
뭐 키스를 해 송소희 이논 한복입고 조신한척 하더니 호박씨 깠네 국악인의 수치다,2
위대한쇼가 더 잼나긴했어,0
유인나랑 헤어짐?,0
저놈도 결혼 하는데 요기서 악플다는 니네는 뭐다?,1
그냥조용히살어 연예인이 모라고 그리티비나올라하니,1
얘도 제정신은 아닌듯,1
클라라 한국 예능 프로그램과 드라마서 제발 자주 뵜으면.,0
비주얼이고 나발이고 와이지는 실력좋다는게 진심이해가 안간다. 한국말을 혀짧은소리로 랩하면 그냥 다 잘하는줄아나봄 라이브들으면 솔찍히 다른회사랑 별차이도 없다,1
동방신기 돈 많노;;,1
현무형 퐈이팅,0
솔직히 웬만한 천만영화보다 재밌다 ㅋㅋ,0
요즘 과하게 오픈하시네 ㅋㅋ,0
김민희배우좋은대.. 응원해주고싶다,0
재미만 있더만 다들악플이네,0
딸 예뻤는데??뭐징?,0
손승연 이길사람 없을듯,0
게스트별로여도 차태현땜에 볼듯,0
전처들이 많은가보네요...댓글들을 보니...가만생가해보세요..전처로서 전적으로 잘들 하셨는지...불륜이 불륜으로 끝나지 않고 이혼과 결혼으로 이어진 이유가 무엇인지..,1
ㅈㄹ병들 사기를치던 절도를하던 깜방서 있어봐라 하루라도 빨리 나오고 싶은게 인간에 본성이다죄는미워하고 사람은 똑같다,2
유이는 나날이 연기가 느는게 노력한 티가 남.. 특히 우는 연기랑 목소리 떠는 연기.. 악플량에 비해 연기가 좋아서 매번 놀란다,0
정말 이런건 안올리면 좋겠음 정말 가고픈이들도 많을텐데 능력이안돼 못가면 얼마나 자괴감들겠어 응 누가 궁금하다고,1
연습생 시절은 지냈나?부모이름으로 합류한건 아니고?엄마에 이어 딸까지 생계얘기네,1
백종원 중국집 가봤더니 맛없더라.. 좀 본인 체인점부터 신경쓰시지,2
이름 딱 듣고 알만한 사람 아니면.. 왠만하면 부고 내지 말지? 정보 홍수 시대에 대체...,2
우리나라 3대핑크...에이핑크.블랙핑크.자이언트 핑크,0
장신영이 관리해야 강경준이 아저씨같지,1
팩트 : 남자들은 설리가 찌찌를 보이던 말던 이쁘니까 좋아함. 여자들은 설리가 마치 끼부린다 생각하면서 여적여를 시전함.,2
머리. 누가 그렇게 해줬나요?? 이상해.,1
프듀 안보고 팬 된거니 상관없다 나는,0
예쁨과인성은 공존 해야 합니다,0
누구처럼 돈만 밝히는 저급인생은 살아가지마시길~~ 행복은 머니순이 아니니깐 작은거에 감사하고 항상 좋은일만 가득하길~,1
재미에 몰입감 최고던데.너무 비꼬는 분들이 많네요.드라마로써 재미있음 된거지..,0
왜 로또를 사지 않을까요 ㅋ 번호 기억 해서 과거로 간 후 로또 사면 1등 되고 .. 좋을텐데...,0
김희철 공익새기,1
군대부터 가야지,0
강다니엘 개발리는데;;;,1
폭력에도 양쪽말이 다 필요하냐,0
조개탕이 땡기는 날이네요,2
21C에 주술사랑 ...,0
괜시리 눈물이난다.. 보고싶은 사랑하는 이들 볼 수있는 날이 오길 기도할게요.,0
왜 없나요? 난 김수민아나운서 더 좋이ㅣ졌는데...할말하는 연예인 공인 사람들이 좋아요~~,0
♨ 충격 ! 결국 하나경이 맞았네. 강은비 그렇게 안봤는데 ..,1
지금 드라마나 보고 있을 때가 아니다. 82kg김지영보다 더 현실을 고발하는 주제가 있다 꼭 봐야 한다 링크:https://m.ilbe.com/view/11207994540,2
솔까말 1위 2위 이해안됨3위 4위가 더 잘했다,0
그냥 예능으로 좀 봐라 ㅡㅡ,0
브리라슨이 아이유고 수지도 다 쌈싸먹네 존예,0
정말 많이 달라졌네 더 못생겨졌다,1
근데 왜 이렇게 오바하고 흥분하는 사람들이 많지~~~~~~,0
애 사진을 꼭 저렇게 수영복입은걸 올려야겠냐??? 기자넘아??,2
심하고나쁘죠...얼굴을 그렇게 만들어놓으니 눈에 뵈는게 없었나봐요...,1
이명박이랑 너무 비교된다,0
52도 빼야되냐,0
좀 즐길수도 있지 못즐기는것들이 호구 아닌가? 뭔 잘못이 있다고 이리들 까댐?정준영도 이종현도 승리도 아무 잘못없음! 지들은 못즐기니까 배 아파서 그러는거임,2
전라도랑은살기힘들지 차라리 강아지랑살지,2
이수근 흥해라~~~~,0
와 신동엽 다시봣다아,0
천만원 기부하고 진짜 언플 쩔게 하네,0
결혼해서 더 느끼는거~~~ 친구들과의 시간이 넘 좋다는거~~,0
담배피는 여자연예인들 아갈똥네,2
엠블랙도 참 불쌍하다 한창 잘나갈수 있는되 팀이 공중분해되고 회사 없어지고,0
여주가 좀 아쉽네 요즘 최고 대세 갓설현이 여주였으면 시청율 50%는 따논 밥상이었을텐데,0
재밌는데 신선하고 연기좋고 대만족,0
부모 잘못을 왜 아들에게서 따지나? 나라 팔아먹은거 아닌 이상 좀 구분하자,1
풀려나면 똑약할려고하냐?그냥 나와서 죽어라,2
자살이 면죄부는 아니다. 노무현 조민기,2
82키로 김지영 왜보냐...? 저런 쓰레기 영화 안봄 ㅋ,2
쿵쾅이들아 니네가 알아야할게 눈코입 윤곽 다해도 겨우중타치든가 다해도 했나싶을정도의 얼굴이 될수도있어 니네들도 알고있어서 안하는거아니냐? 해도 크게변화가없을꺼같으니까? 그니까 남 비하할시간에 몸매라도 가꾸렴^^,2
솔까 노잼,1
이걸한번 봐바야겠네 한지혜숨소리 듣느리 안보는게낫다싶어 심심했는데 김정수작가라 기대해보네요,0
산이는 좋겠네. 한남들 사랑 듬뿍받아서~ 한남한남,1
SE$ 아닌가요 이제 Sea Eugene $hoo,2
장도연 양세형 추가 투입 케미 좋아요 나래와 좋아요,0
악플 캡쳐 완료,0
재미가 없어요,0
업소 여자라며 업소여자는 뭐하는 사람인데? ㅋ 그리고 왜 변호사가 하필 강용석인데 ㅋ,2
현재 우리 나라 가요계 최고 갑부 나훈아 선생도 세금은 꼬박꼬박 낸다^^,0
뽕빤넘들 처럼 생기고 말하는거 보니까 양아치스럽던데 그걸 멋으로 알거아냐?ㅋㅋㅋ잔나비인지 잔잔바리인지 뭐시깽이들 꺼져라,2
별세를 했군여 ㅋㅋ,2
이게 빠진 몸매여?,1
이제 곧 만날텐데,0
황민현 예능 나들이 늘 환영해요! 스윗한 황민현 너무 좋아요,0
로이킴을위해서라도 정준영 로이킴 먼지가되어 영상도 삭제해야함 흑역사임 ㅠㅠ,0
전교8등이대단한거냐 1등부터7등은 머 세상다가진거냐 호들갑 졸떨어 그지딴따라들 돈맛 여자맛 남자맛만아는 족속들,2
"나 너무 옛날 사람인가봄..ㅠ아기 셋 낳은 사람으로서,,임산부가 배내놓고 있는거 쫌~;;;가서 천이라도 덮어주고 싶은 마음..아기 가진 배는 따뜻해야 하는뎅,,",1
연기도 못한것이 연애는 하네 들어가서 그만 나오세요,1
머같은 프로그램이 배우하나 바보만드네....S방송사 예능은 이제 갈때까지 갔네..,1
국민들은 이미 당신을 용서했습니다. 그래도 충분히 자숙하고 재충전하셔서 좋은 작품으로 뵙길 기다리겠습니다.,0
쇼미재방이 더 재밌음,0
이번 대통령때는 특히나 연예인이 많이 죽는 거같다... 재앙이 닥쳤구만,2
딸도 죄가 있지. 악마의 씨앗에서 태어난것도 문제가 되고...,2
‘그’ 성별 72% 산이를 향한 피의 쉴드 오지네. ㄷㄷ,1
52키로 딱 좋앙~~~,0
강성훈.. 자살할거 같은 기분ㅠ 꼭 건강 잘 추스려서 다시 좋은 모습으로 나오길 응원합니다,1
애기랑 꼭 나와주세요. 나~중에요^^,0
김지원 저런 분장은 ㅎㅎ 그래도 이쁘긴 하지만,0
넘재밌었음강문영씨화이팅 김광규씨화이팅최성국시나오디마,0
무슨 연예인 부모소식까지 연예뉴스에 올려.,1
그래 한번사는인생 한여자랑 평생을 같이사는건 남자한텐 너무 억울하지,1
문돼지 그만 처무ㄱ처무ㄱ 하고 니딸 이나 잘챙겨먹이길,2
별 시덥지않은 악플들은 모냐,0
뚱뚱하고 못생긴 남자는 남자가 아니다. 남잔 늘 아름다움을 유지하고 가꿔야 그게 진정한 남자다.,1
이성우 이모들보는거 개짱남ㅡ왜 그집식구들까지 다 봐야하노ㅠ,0
효리 언니는 진짜 좋은 사람 같다,0
벗으라고 누가 빌었냐? 보라고 올려놓고 왜 보냐 그러면 뭐라 그러냐? 요즘 계집들 제정신 아님.,2
엄마한테 잘해야 해요,0
백 대표님 갖고싶다,0
팩트는 집구석에서 악플다는 인간들보다 돈도 더 잘벌고 더 행복하게 살고있다는거.,1
태희 언니 올해 컴백한다고 소속사 대표가 그러던데 보고 싶다. 이전보다 훨씬 감정이 풍부해 졌다고 최근 화보인터뷰에서 그랬던데.,0
인생잘살아와서 옆에도 좋은사람들이많은듯...잘 이겨내길바랄께요삼가고인의명복을빕니다...,0
모성애는 아름답다. 아기를 안고 있는 모습이 참 아름답네요. 늘 건강하시고 행복하시길,0
남자배우가에러네..왤케 남자배우캐스팅을못 함,1
아무래도 윗선에서 장자연 묻으려고 프레임을 짠거같네. 윤지오의 발언을 거짓으로 몰아 장자연 죽음을 덮는거지. 달을 보라고 손가락으로 가리키니 사람들이 달은 안보고 손가락만 보는 꼴ㆍ,0
에이미 물귀신 작전이 휘(발)성 이벤트면 좋겠는데...,1
살빼기전 김태희보다 더이뻣음,0
학사비리 있을기다 추적해바,1
솔직히 신천지일 가능성도 있지ㅋ.ㅋ,1
상화 이뻐졌다,0
와..남주혁 머리 저렇게 하니까 진짜 그레이랑 형제라고 해도 믿겠네,0
머리는 허전할까봐 있는지.. .,2
그럼 정용화에게 사과 하세요,0
윤시윤도 준영이랑 베프던데 조사안하니?,1
적당히들좀 해라 잘못은 했지만 이건 아니지안어,0
결혼 잘 해서 행복한듯 보기가 좋내요.,0
그냥 응원합니다,0
난 mc몽 그리웠다!!!! 아직도 노래 듣고 그립다!!!!,0
한남들이 문제야 아주 지들이 뭐라도 된거마냥 어린애들이나 괴롭히고 희열감느끼냐?? 지도 덩치있는 남자였으면 머리털끝하나도 건들이지 못할것들이 아주ㅡㅡ,2
누구야? 첨보네,1
김민경 지금도 입에 우걱우걱 음식 처 넣고있을 듯,2
"한.남,충들 악플 좀 그만 써라ㅉㅉ 느그애비애비가 불쌍하다 한남은 이래서 임신시키지말고 뱃속에서 안락시켜야되는데 ㅉㅉ 아들낳은 한국여자들 존나싫어",2
위너랑 합쳐라 yg는 문제좀 그만 만들어라 이러다 청와대에 글 올라간다 경찰과 yg관계 조사해달라고,2
전라디언을 조심하자,2
부자 보거 싶다ㅜㅜ,0
대은아 혹시나 협박받고 있거나 약점 잡힌거 있으면 내년 크보 첫 선발경기에서 보크해,0
명품옷이라도 저렇게 전체적으로 로고가 다 디자인 된 옷은 너무 촌스럽지 않나요? 저런옷은 왠지 입기 챙피할거 같은데,0
기자들 끝난 일 가지고 아주 가관이다사람들도 알아보고 얘기해라 이미 끝난 일임이런거에 낚이지말고,1
연예인 장애로 바꿔라,1
이게뭐가 나쁜예죠? 누구나 만나고 헤어질수있는데 비유가 좋지 않네요,0
똥싸고 자빠졌네,1
발가락 핣고 싶다.,2
타투한 이후로 이미지에 흠집나고 계속 말이 나오는거 보니 적이 많아졌나봐..,0
한국여자는 집에서청소나처해라 밖에싸돌아다니지말고ㅋㅋ생리대로 싸대기 ㅈㄴ치고싶으니깐,2
처음부터. 고현정은 없는게 낳았다목소리 얼굴표정도. 약먹은사람처럼이상하더니만.....;.,1
왕진진부인낸시랭님 결혼후 더 이뻐지셨네요ㅎㅎ 왕진진♡낸시랭 알콩달콩 이쁜사랑하시면서 오래오래 행복하게 잘사세요ㅎㅎ 과거는잊어버리시고 둘만의행복을찾아요 ㅎㅎ 그리고 네티즌말신경쓰지마세요,0
아이유 생각나네 사귈거면 조용히 사귀지 티를 못내 안달났냐 관종들인가,1
여러분!!! 오늘 고현정이 어떤남자 욕조에서 샤워기로 물뿌리고 때리는거 개웃기지 않았나요? 저 엄청 뿜었어요 ㅋㅋㅋㅋㅋㅋㅋㅋㅋㅋㅋㅋㅋ,0
이러다 성기노출도 자유될듯...,1
이래서 여자는 상종하면 안돼.....시기 질투...이제와서 ㅈㄹ 이야...안고가기로했으면 잘살게 내버려두지...,2
좋은뜻으로 한말에 못잡아 먹어서 난리들은,1
이랬는데 범인 강하늘,0
김병만이 뭔 잘못...?,0
머리좀 저렇게 안했음 좋겠음 무슨 상투말은것도 아니구 왤케 꼴뵈기싫든지,1
김신영은 진짜 최고 개그맨임ㅋㅋㅋ,0
홍진영은 진리다,0
3일에 12억원어치 팔만큼 파급력있는 사람입니다. 왜 다들 조롱만 하나요? 잘 알지 못한다면 더더욱 함부로 말하면 안되죠.,0
방송 못봤는데 김원희 애기 안갖는 이유가 조카라는거?조카를 자식처럼 여긴다는건지..남편과 시댁 생각은 안하나? 남편이 애 못갖는다면 할수없지만 그게 아니면 김원희 너무 이기적인데,2
신정환 출연 대국민 사과나 하길 뻔뻔하다,0
항상 현빈 씨는 배역이 비슷비슷 인생 그저 먹는 싹아지 없고 무례한 한남충 실장님에 이혼 3번 씩한 바람둥이에 귀신같이 캐스팅 이번 캐릭도 또 한남충,2
에휴ㅠㅠ 아들셋이라ㅋ 돈많으니 뭐~~,0
악플러들=글하나못읽는 노안온 틀딱,2
남자가 그정도로 상해 입었다면 구하라는 얼마나 더 다쳤겠냐? 여자를 한번도 때린적 없다는 남자 말을 미드는건가? 설마?,1
비지니스 그룹,1
정소민이 아깝다 도대체 왜 ㅜㅜ,0
홍석천 응원글 남기는애들 너무 가식적이다,1
문희주니 닮은 딸이라면 ㅠㅠ.,1
인물은 참 없다,0
진짜 욕심많아 보이게 생겼다..,1
ㄴ와 약쟁이 ^^,2
오늘밤 너와나 단둘이서 파리파리,0
지금도 벗방수준인데?,2
성형으로 화장으로 속고 자식낳으면 또 통수 ㄷㄷ,2
한철장사인데 바짝벌어야지,1
애들이 볼까 걱정이네 이걸 올리고,0
다시 현빈 역시 현빈 너무 잘생기고 연기도 잘해~!!,0
이 정도면 부모때문에 인생조졌다고 한탄하지마라. 아주 충분한 시간아니냐? 니부모의 죄를 인정하고 피해자들에게 사죄할시간? 너희가 끝난건 니 부모탓도 있지만 우선은늬들 스스로가 그것밖에 안되기때문이다.,2
나 이런 댓글 안달고 싶은데..그럼에도 불구하고...이태임씨 결혼하고 애낳고 잘 살다가 어느날 불현듯 나 이혼했어요..라며 다시 나오실듯...이라는 생각이 막 드는건 ..,1
1회에 교도소에서 마취도 없이 자기몸 꿰매는거랑뜨거운 커피말고 차가운거만먹는거보고아랏는데 난 무통증 무감각이라고,0
얘가 누군데,1
차은우가 못 생겼다는게 아니라.....차은우 보다 더 잘난 사람 많은데 왜 쟤가지고 난리임? 진심 궁금;;;;,1
버닝썬 성폭행범은 어찌됐나요,0
"왜 여자만 차별하지? 남자연예인들 도박 마약 등등 많이 하고도 잘만 나오잖아 ! 다표적으로. 이수근, 주지훈 등등 . 여기에 악플다는 여자들. . . . 생각좀하자",1
정조국김성은 키크고늘씬하니 머리는안될테고 운동시키면되겠네 농구 배구,1
‘노무현’하지 않은게 다행이네요,2
둘이 결혼 하든말든 관심없는데 제발 살림남 하차해라. 얘네나오는 부분 존나 노잼이라 매번 빨리감기 해야하는것도 진짜 귀찮다,1
참 생긴대로노네!진짜 구제불능이다!ㅉㅉ,2
서장훈도 힘들었을듯.. 힘내시길 현명한 남자인거 같음,0
다음 화는 꽃길 걷장,0
얼마만에보는 배우다운 비주얼이냐? 둘 얼굴만봐도 존잼 송혜교 분위기 죽인다 고급진 얼굴,0
한고은 아비가 남에 돈 빌려서 미국으로 도망가서 그가정 망쳤는데 한고은집안이 잘될리가 없지 아버지가 잘못한곳 찾아가 사과가먼저,2
연기 갈증이라고 하기엔 결혼전에도 딱히 작품활동 한게 없음,1
미나가결혼한지2년만됫음? 더오래되지않앗음?,0
전현무가 승리자네 얼굴은 별로여도 몸매가 죽여주니까,1
다들 심심한가봐요 사실일수도 거짓일수도있는거아니예요 그여자 한만디에 모든게사실이 되나요? 오달수씨 불쌍...,0
노홍철 이새기나와서 딴데뜬다,2
어이가없다 20년사귄다고ㅋㅋㅋ 서로 사랑하는건 절대 아니다,1
연애를 그리 길게해놓구. 결혼해선 내내 집안일에 불려다니고이용대 경기하는동안 독박육아에. 연예인되려했는데 주부되버린 자신의 상황이 못견뎌진거 아닐까,0
한고은 씨 동상이몽 이후에는 예능에서 않보이나했는데 반갑네요~~화이팅 입니당^^,0
요지경이구나.버르장머리없는마닷이 또 사고쳤네.인생하나 물건너가나?,1
트와 전성기는 이미 지났잖아. 인제 다른 그룹처럼 멤버 하나 둘 나가고 자연스레 개인활동으로 노선 잡아야지 뭐,1
동생이 착하네...,0
딸들이 다 이쁘네,0
시청율 때문에 이젠 못하는짓이 없구만...,1
그래 그동안 아니꼽게 봤지만 그래도 아프다니까 치료에 전념해서 꼭 완쾌하길,0
뼈 붙는데는 개고기가 최고다~!!,2
여자는 살찌면 성격도 난폭해지더라,2
머가리는 그대로네 ㅋㅋㅋㅋㅋㅋㅋ,1
근데 이건 솔직히 불법영업인지 모를수도 있을것같은데..그냥 유흥업소인건 알앗을거고...,0
헐 완전 애기같으시다,0
꾹세청이 YG 제대로 할까??? ㅋㅋㅋ YG망하면 제대로 한거고 아님 봐주는거지 ㅋㅋㅋ,1
하여간 여성인권 여성인권 하는 것들이 같은 여자를 더 깎아내려요 보면은,1
윤두준처럼 무책임하네,1
나혼자 산다가 모토인데 전현무가 지꾸 집에 찾아가잖아 하차하고 니네끼리 둘이서 산다 찍어,1
1보다 재미없어요 진짜 보다 나올뻔,1
버즈는 민경훈이제~~~!,0
아 진짜 개노잼 홍자매야 왜 예전 환상커플 마이걸 요런 드라마 못 만드냐?,1
박호산이 오달수한테 쨉이 되나. 박호산보다 임원희가 나은데..,1
될놈 될,0
난 마지막 방송은 하고 끝냈으면 했는데. 설리에 대한 선플들을 읽어주었으면..,0
음주운전자 자꾸 방송 왜 내보내는거야,2
예인이 악플을 '보고' 욕한 것이 맞나? 당시 상황은 멤버가 편의점 갔다가 브이앱 도중 조용해진 방에 들어오며 욕을한 것이라 매니저 혹은 일상의 다른 사람에게 한 것일 수 있다. 팩트는 욕한 걸그룹일 뿐.,0
엥 누군지모르는데.. 남자라서 이렇게 관심받나 ㅋㅋ,0
조영남과 윤여정은 5억년 전 생에 한몸이었을 가능성을 배제하기가 좀 그렇다,1
누구 이창섭 태도 별로라고 하신분 ㅋㅋㅋㅋㅋ,0
김희선 연기 계속햇음함,0
육중완 사람 좋은척은 다하더니 실망.,1
악플다는 사람들 싹 다 고소나 당해라,1
룸 간게 잘못은 아닐지 몰라도 그러면 결혼을 하지 말아야지... 노총각이 아니라 NO총각이 양심없이 결혼하면 안 되지,1
결국 했지만 몰랐다 인가요?!,0
작가님 보고 계시죠???이게 여론입니다...이 여론 반영해주세요,0
개폭망 벌써 차트아웃 1따리 ㅋㅋ,1
어차피 강성훈 없으면 젝키는 색깔을 잃는다...젝키가 아닌 다른 팀이 되야 할듯,0
김정훈 꽃뱀한테 물린느낌? 계획된 임신도 아니고 대체 뭘 책임지라는거지? 애를 빌미로 보증금 요구? 웃기는 짬뽕,2
남녀간 섹스할때 구강성교는 기본옵션으로붙는 애무인데 무슨수치심까지야 기본섹스순서에도 들어갈 아주기본적인항목인데,2
다말아먹고 튀냐,1
fm대행진은 kbs아나운서들만 하는줄알았는데..,0
정우성을 정권에 운운하는 것들은 수준이 도대체 뭐냐 정우성이 그동안 영화계에 끼친 공로만으로 대상 받고도 남는다 이것들아,1
누군데 출산으로 메인에 걸려있는거임,1
꼬랑내나는 발따위가 사진이라네 개웃김,1
40살에 폐경에 다리까지 노답이라이 ㅋㅋㅋ,2
제발 안나와주시면해요윌벤져스 너무 보고싶은데 못보고 있어요 ㅠ,1
맨날 못생기고 더러운 기안 이시언 이딴 애들 보다가 황민현 나오니깐 눈정화 오졌다,1
솔직히 지루..,0
조인성 연기 ㅈㄴ 못함 ㅇㅈ??,2
컨셉 희한하게잡았네 종진이..,0
어떤년인지 아주 성격이 지랄맞네 ㅋㅋㅋ,2
근데 왜 남자만 왜 마스크 쓰고다녀야되나여? 여자는 안쓰고다니는데 너무한거아니야?나도 내일부터 화장하고 다닐래,2
